GregorS07852504,oswaldojor
SilvanaSaunier,oswaldojor
JosRoqueRodrig2,oswaldojor
JosEduardoMach9,oswaldojor
MenezesJane,oswaldojor
AnaCilaBonoro,oswaldojor
_souzalex,oswaldojor
DirceuBicudo,oswaldojor
carloslucietto,oswaldojor
imoveisvera,oswaldojor
wylton,oswaldojor
lvioJosCardoso1,oswaldojor
Marcosssocial,oswaldojor
cristiane171963,oswaldojor
1corintios323,oswaldojor
Ommen35182393,oswaldojor
Tereza4249,oswaldojor
Israel_Btzur,oswaldojor
Atos1101,oswaldojor
Rdebusa,oswaldojor
ClaudiaBorin,oswaldojor
DarlanJF3,AlexandreZiben
Valparaense,oswaldojor
lucas777tavares,oswaldojor
joatrindade,oswaldojor
deylze,oswaldojor
FabioHe19282147,oswaldojor
DenisonFelix,oswaldojor
SuelenGZ17,oswaldojor
keilamorais14,oswaldojor
ha1000tonolivei,oswaldojor
Elizete971,oswaldojor
Adriano34071239,oswaldojor
LOBOPAT,oswaldojor
MarcoAntnioMat8,oswaldojor
Zeleo81,oswaldojor
ThiagoeGildenys,oswaldojor
lhpraun,oswaldojor
BrasileiriaMAXI,oswaldojor
ligegodoy,oswaldojor
penelope137,oswaldojor
emilsonramos,oswaldojor
MarcPvh,oswaldojor
mallakias,oswaldojor
Myra51916598,oswaldojor
DebSilv70481939,oswaldojor
vantbg88,oswaldojor
davidvix50,oswaldojor
CarlaoCe,oswaldojor
kessergreg,oswaldojor
TamandareC,oswaldojor
DrioPauladosSa1,oswaldojor
lialuiz,oswaldojor
jrdsbeto,oswaldojor
Amarelo_Gohan,oswaldojor
Fabiano20302051,oswaldojor
Maral64654920,oswaldojor
Rogerbenk,oswaldojor
CassioPfeffer,oswaldojor
RachedJorge,oswaldojor
vera_cid,oswaldojor
LuisFer23441812,oswaldojor
Ramo_Junior2,oswaldojor
Rodrigo56357062,oswaldojor
elensandri,oswaldojor
jricardos3,oswaldojor
sandra53397116,oswaldojor
DjalmadaSilvaA4,oswaldojor
BobyJunior,oswaldojor
mauricio27,oswaldojor
ThayBarr,oswaldojor
AnndradeAline,oswaldojor
hannahphilippos,oswaldojor
Daniel89515475,oswaldojor
jaqsan1,oswaldojor
MCMORAS,oswaldojor
verinaldoc,oswaldojor
Vivinha_Dantas,oswaldojor
JulianoLeitede2,oswaldojor
Maise05340867,oswaldojor
ManitiF,oswaldojor
EardisonManu,oswaldojor
isabel_sciascia,oswaldojor
HumbertoTeles4,oswaldojor
martapmsp,oswaldojor
Alexmas1,oswaldojor
MelloLeli,oswaldojor
irisadded,oswaldojor
flavyo_oliveira,oswaldojor
MARIAANANEVES,oswaldojor
007naamerica,oswaldojor
jlgoncalez,oswaldojor
PedraTitto,oswaldojor
allkar,oswaldojor
IcostaPaulo,oswaldojor
robiscuit,oswaldojor
Silv6Gomes,oswaldojor
MariaLi17412762,oswaldojor
MariaSocorroBr4,oswaldojor
ever_mello,oswaldojor
crismisionparag,oswaldojor
AquilesConan,oswaldojor
belem7,oswaldojor
liduinamoura,oswaldojor
01Reuel,oswaldojor
vicentegoncalv4,oswaldojor
PatriciaDaccac4,oswaldojor
mariade77847460,oswaldojor
anayumi,oswaldojor
ITBrazil,oswaldojor
EtnWander,oswaldojor
FlaubertFleanc1,oswaldojor
CidllanF,oswaldojor
bruni_rudie,oswaldojor
edishi62,oswaldojor
AdilsonPrates8,oswaldojor
AnaSo80,oswaldojor
rosilenesouzae1,oswaldojor
laurahungria,oswaldojor
Vieirainfo1,oswaldojor
paulatuono,oswaldojor
SamuelR36011855,oswaldojor
fabriciobandera,oswaldojor
Cristia14014212,oswaldojor
AdmirCBomfim,oswaldojor
dielmatos,oswaldojor
FabrcioCesrio1,oswaldojor
Professor_H,oswaldojor
KathePomper,oswaldojor
GyrayaC,oswaldojor
DurvalAlencar,oswaldojor
CidaCrivelaro,oswaldojor
modilasegantin,oswaldojor
EFertmane,oswaldojor
RosangelaScarp2,oswaldojor
MarcioOivi,oswaldojor
MarioMarcio25,oswaldojor
lisboa_adriel,oswaldojor
EvaristoKlebber,oswaldojor
gladson618,oswaldojor
jerobat,oswaldojor
ULeal74,oswaldojor
Antonio24235831,oswaldojor
Nelson_Harter,oswaldojor
ElvysRilk,oswaldojor
Luiz_C_Carvalho,oswaldojor
MatozoSella,oswaldojor
hertz146,oswaldojor
gusto_mor,oswaldojor
volneibesen,oswaldojor
TioSam82,oswaldojor
beduschic,oswaldojor
VidalPerfeito,oswaldojor
geraldofontesrj,oswaldojor
marcasa90,oswaldojor
Rubens09338797,oswaldojor
rocavieira87,oswaldojor
arosanerocha,oswaldojor
Neide79979097,oswaldojor
DuannySouzaSil1,oswaldojor
biopalhares,oswaldojor
icobf_ricardo,oswaldojor
Ricavon,oswaldojor
Sr_Cleber,oswaldojor
MasdianTelas,oswaldojor
Davidkazmier,oswaldojor
Ari_38itao,oswaldojor
Draghonss,oswaldojor
RJ_Luzetti,oswaldojor
RAPT0RIAN0,oswaldojor
MaraLeanne1,oswaldojor
Zevulgonuni,oswaldojor
Lorrayn_ee,oswaldojor
JR90299749,oswaldojor
BritoSilvias,oswaldojor
jonas_wallauer,oswaldojor
CidadaoComum3,oswaldojor
mroneym,oswaldojor
PFbreg,oswaldojor
DarciLScariot,AlexandreZiben
Majufernandes77,oswaldojor
ailton_alemao,oswaldojor
Jubo78279517,oswaldojor
davidyagi,oswaldojor
LadieDhe,oswaldojor
MariaAvanzi1,oswaldojor
mia83492878,oswaldojor
ARIG9L,oswaldojor
MrciaR6,oswaldojor
italoazevedo21,oswaldojor
rgodoyjr,oswaldojor
Edilsonbrito42,oswaldojor
danieljsjr970,oswaldojor
juweyll,oswaldojor
BraulioAlmeid20,oswaldojor
thitizinha,oswaldojor
herosap7,AlexandreZiben
elcivanni,AlexandreZiben
drummais,oswaldojor
Alexsan22643623,oswaldojor
Lori_Friedrich,oswaldojor
eleitoral2020,AlexandreZiben
ronal10doAsa,oswaldojor
Tutysxtutys,oswaldojor
roseflo95587627,oswaldojor
GalvaoLione,oswaldojor
delzascunha,oswaldojor
roberto8399,oswaldojor
anacarladebem,oswaldojor
Leiry_bague,oswaldojor
VVagninho,oswaldojor
Anousca65,oswaldojor
RutedaRosaSilv1,oswaldojor
CirlenePonce,oswaldojor
Silvana28873591,oswaldojor
AntunesEllison,oswaldojor
Cobra_tabagista,oswaldojor
Andrea34179648,oswaldojor
PrRobsonAlencar,oswaldojor
ArmeniaTavares,oswaldojor
PcMaxInf,oswaldojor
Botelho95763374,oswaldojor
AppelLuciano,oswaldojor
maurici47429447,oswaldojor
Rodrigo_Bossle,oswaldojor
kaleovilar,oswaldojor
leoraposa,oswaldojor
gilgestor,oswaldojor
ailsonlf,oswaldojor
IvanJr94,oswaldojor
montandonet,andreriosrj
NRossatto,oswaldojor
MArackawa,oswaldojor
HlioVieiraDeBa2,oswaldojor
MariaRo04475653,andreriosrj
lidiamake,oswaldojor
anndrebelem,oswaldojor
Ricardo44788581,oswaldojor
AliDino82,oswaldojor
cedarindigo,oswaldojor
mrgaiga,oswaldojor
PMorenoB,oswaldojor
marcelosimas3,oswaldojor
brwithproud,oswaldojor
jequitigalo,oswaldojor
JosCarl06759092,oswaldojor
AramiLima,oswaldojor
KlossRibeiro,oswaldojor
CidadaoPatriot,oswaldojor
gleisermota,oswaldojor
RogrioS98077351,oswaldojor
rosalgouveia,oswaldojor
piruca26,oswaldojor
smarsblue,oswaldojor
hatnas1,oswaldojor
FlorDeL90387569,oswaldojor
jlucianoss123n1,oswaldojor
Selma1965,oswaldojor
StevensonProf,oswaldojor
simonefreirego1,oswaldojor
DalilaOliveiraR,oswaldojor
NiBarga,oswaldojor
Andrea_FCCosta,oswaldojor
GertKris,oswaldojor
clovis_ribheiro,oswaldojor
Marcialgn,oswaldojor
cesargomes23,oswaldojor
EWaschburger,oswaldojor
Cris84693968,oswaldojor
Arian33296309,oswaldojor
AstrathJunior,oswaldojor
Rodrigo_Duart,oswaldojor
isabelm85126093,oswaldojor
chory1410,oswaldojor
PauloLi45320591,oswaldojor
climrocha,oswaldojor
Raquelnepomucen,oswaldojor
edu00711811,oswaldojor
cccalado,oswaldojor
donanferacirga,oswaldojor
leeopassamani,andreriosrj
Flaviolemos2010,oswaldojor
JoelPsic,oswaldojor
fernandomette,oswaldojor
AndreFelipetwit,oswaldojor
Messi13584236,oswaldojor
milton_moacir,oswaldojor
EriveltonMarq13,oswaldojor
FogoPatriotas,oswaldojor
EnoqueLourenco,oswaldojor
RolimSkyl,oswaldojor
Betetatico,oswaldojor
allanbrazute,oswaldojor
Jbdto,oswaldojor
NeideSaconi,oswaldojor
AuroTrindade,oswaldojor
mariapombo0421,oswaldojor
Vggc83493133,AlexandreZiben
SHCOful,oswaldojor
gmoreschi82,oswaldojor
marcosbielmota,oswaldojor
AndersonMA1984,oswaldojor
HildebrandoCor5,oswaldojor
dacmarcos,oswaldojor
MauroSo111,AlexandreZiben
betohousebox,oswaldojor
joaoarthurbmaia,oswaldojor
MarcioSodre6,oswaldojor
SidineySantana1,oswaldojor
Marcosjose3838,oswaldojor
alvaroneto751,oswaldojor
tarouco_liane,oswaldojor
NilzaBarreto1,oswaldojor
lalbert95519675,oswaldojor
Andress73040020,oswaldojor
efrabattiston,oswaldojor
nerialme,oswaldojor
ViktorBekkert,oswaldojor
ladodpatriota,oswaldojor
GenaldoAraujo,oswaldojor
ngsampa,oswaldojor
NiltonPinheir,oswaldojor
LivresParaFalar,oswaldojor
brasil_eloy,oswaldojor
MaJorSantos,oswaldojor
LucenaMarialulu,oswaldojor
SouzaMarte,oswaldojor
rodrigo42,oswaldojor
ChiquinhoLulu,oswaldojor
JACKSONLUIZGOM2,oswaldojor
LucihelenOlivei,AlexandreZiben
MAntunes88,oswaldojor
Romuloarioli,oswaldojor
Roselenebols,oswaldojor
jose04br,oswaldojor
dineisalazar,oswaldojor
Neves6Socorro,oswaldojor
DiegoMa020,oswaldojor
diorgenesrj,oswaldojor
KatiaCX1,oswaldojor
Neci10083255,oswaldojor
JooBati67871465,oswaldojor
rcassial,oswaldojor
JairfelixdaSilv,oswaldojor
AARodrigues2,oswaldojor
Claudio26820783,oswaldojor
MrciaFe71465318,oswaldojor
edianamaskaro,oswaldojor
Jussara90733403,oswaldojor
Sogrommg,oswaldojor
Haline82603271,oswaldojor
Miguel201757,oswaldojor
Jarleson_Oliver,oswaldojor
wernerncoelho,oswaldojor
machadoemiranda,oswaldojor
joserodrigob38,oswaldojor
douradosms5,oswaldojor
Fabrici07860326,oswaldojor
Patrici76455149,oswaldojor
MariaTerezaVic3,oswaldojor
Marina84088104,oswaldojor
sergioaslim,oswaldojor
FrtcvLbnmL,oswaldojor
brunomnzs,oswaldojor
leandravicentes,oswaldojor
nandomolinari,oswaldojor
ivanilsonpmota,oswaldojor
PaulAda34726563,oswaldojor
sgtgadelha,oswaldojor
jwmirisola,oswaldojor
AnaTerezaDFOli1,oswaldojor
EnaideAlves,oswaldojor
ngeloLusdeOliv1,oswaldojor
Suelenbernardes,oswaldojor
vivianvivianbr,oswaldojor
paulo_silva2017,oswaldojor
MrciaDi60318062,oswaldojor
Raymara45235006,oswaldojor
renatojfora2,oswaldojor
SMiagui,oswaldojor
gibaseemann,oswaldojor
cleytonlea,oswaldojor
LuluzinhaReaca,oswaldojor
walterprince10,oswaldojor
microespaco,oswaldojor
Bolsobrothers,oswaldojor
Santos_santosol,oswaldojor
Thereza12979987,oswaldojor
_Gisa___,oswaldojor
BMCoutinho,oswaldojor
Iranild96566147,oswaldojor
armasemotos,oswaldojor
AaEvandro,oswaldojor
NeuzaM0rais,oswaldojor
PauloZaffari,oswaldojor
diogeneshere,oswaldojor
uelintonolive10,oswaldojor
jfabio75,oswaldojor
DenisEkonnomiza,oswaldojor
gilson10313597,oswaldojor
OdilonVargas2,oswaldojor
jcslopess,oswaldojor
Mafri54792784,oswaldojor
ed_aurelio,oswaldojor
santana_tallita,oswaldojor
Carlos_Trumpp,oswaldojor
FsabaCarvalho,oswaldojor
pauleira72,oswaldojor
AnaCludiaCorre6,oswaldojor
Flavihp1,oswaldojor
Mafri54792784,AlexandreZiben
reislf56,oswaldojor
JooBoscoCampos3,oswaldojor
manhaesrj,oswaldojor
andreaeumais,oswaldojor
Tamih19,oswaldojor
Bitello3,oswaldojor
ClaudioMariott,oswaldojor
fatima_alaide,oswaldojor
AlexandreBonora,oswaldojor
Sonniamar1,oswaldojor
WStopcar,oswaldojor
MAD60642733,oswaldojor
lsfortes,oswaldojor
cury_sandra,AlexandreZiben
RelredeS,AlexandreZiben
RodrigoTorres64,oswaldojor
cquissak33,oswaldojor
FerinaThatcher,oswaldojor
costa_adimilson,oswaldojor
ProfGrocoski,oswaldojor
FidesEtRatio_,oswaldojor
SilvaAndergs,oswaldojor
JOTA_BARROS_,oswaldojor
AndrJosFerreir4,oswaldojor
LoraZam,oswaldojor
onovatoconserva,oswaldojor
cacauyuri,oswaldojor
0Tonhu,oswaldojor
Akarolmartins,oswaldojor
AlanQCarvalho,oswaldojor
BRASILFISCALL,oswaldojor
MF36617294,oswaldojor
ClovesBelles,oswaldojor
wagner_destro,oswaldojor
DK_3FM,oswaldojor
Rodrigofror,oswaldojor
akiraokamura,oswaldojor
Adenilson_Bass,oswaldojor
neusa_lazarini,oswaldojor
AndreaA00163221,oswaldojor
lansystem01,oswaldojor
CezarAcbsadv,andreriosrj
brasilforsale,oswaldojor
BolsonaroAlmir,oswaldojor
DaiAndradeRJ,oswaldojor
Catiasbor,oswaldojor
Jesusverdejus1,oswaldojor
VIRGINIAGROSSE2,oswaldojor
NegraoFrancisco,oswaldojor
luanpablocs,oswaldojor
anjo_ariano,oswaldojor
MartinhoLuter14,oswaldojor
AnisterjaneFerr,oswaldojor
DarciLScariot,oswaldojor
LucianneDalsec1,oswaldojor
Josbrsousa,oswaldojor
patrici82625638,oswaldojor
Ramon70453944,oswaldojor
joule_penna,oswaldojor
Prof_Jonatas,oswaldojor
lipemoreira04,oswaldojor
AriSanSouza,oswaldojor
RuiOsorio_,oswaldojor
MarcosR41279094,oswaldojor
LiliaRRS8,oswaldojor
fslobo49,oswaldojor
SoniaPatriotaJB,oswaldojor
ufopimenta,oswaldojor
AlessandroSga11,oswaldojor
RodrigoMarchi17,oswaldojor
audiovisualsafe,oswaldojor
pastorapatricia,oswaldojor
DriCosmo,oswaldojor
Jubrazil1963,oswaldojor
MilbragaMilena,oswaldojor
Artur_Pensador,oswaldojor
alfeugularte,oswaldojor
RonaldoMagRJ,andreriosrj
FreitasBarone,oswaldojor
LuizEloy,oswaldojor
OlivJrJunior,oswaldojor
GamaValderlan,oswaldojor
TartariDa,oswaldojor
VilmaGo1967,oswaldojor
Roberto246a,oswaldojor
KarinaRezendeB1,oswaldojor
camilastreme7,oswaldojor
Alex4ndr_Bonato,oswaldojor
adaobento1,oswaldojor
klebermilton12,oswaldojor
varjao_erick,oswaldojor
AndrLui49044437,oswaldojor
HumbertoAntun12,AlexandreZiben
telmaadvg,oswaldojor
marlinho2019,oswaldojor
EliOliv98248502,oswaldojor
EgidioMachry,oswaldojor
Vivianerecife,NinaLuz23695256
ValbeloC,oswaldojor
rwamadeu,oswaldojor
nanna_couto,oswaldojor
npo212,oswaldojor
Caroll_M22,oswaldojor
OsvaldoLimaJni1,oswaldojor
FDicro,oswaldojor
likearoseflower,oswaldojor
glaucomatos,oswaldojor
Marcos02742699,oswaldojor
BrunoCa00621171,oswaldojor
RosilanyP,oswaldojor
raposo_dr,oswaldojor
Basilides2,oswaldojor
EgidioTelmo,oswaldojor
GoltembergBR,oswaldojor
BoIsoRinga,oswaldojor
sardinha_rose,oswaldojor
carlosasilverio,oswaldojor
cleibelarmino,oswaldojor
SebastioRegina1,oswaldojor
LuizEdu29812978,AlexandreZiben
leonardoj2me,oswaldojor
Flavio30131851,oswaldojor
AraujoKejo,oswaldojor
carlagcc1967,oswaldojor
ggeminiano,oswaldojor
Angela55639573,oswaldojor
AtthurLeite,oswaldojor
Isaahhhhh,oswaldojor
MarcusMartinho,oswaldojor
DiegoPr16544222,oswaldojor
elinalv12774504,oswaldojor
zofulasi,oswaldojor
cagabriele1,oswaldojor
manoelvsilva,oswaldojor
RenanDeSNunes1,oswaldojor
Confiante3,oswaldojor
BarrosElionora,oswaldojor
PauloVencato,oswaldojor
VixDireita,oswaldojor
florfernandes16,oswaldojor
Shirley22759971,oswaldojor
GlriadeOliveir1,oswaldojor
jer_helio,oswaldojor
Rosadeacucar,oswaldojor
AmmonClaudia,oswaldojor
adrianotobiasp,oswaldojor
joaopradorosa,oswaldojor
ronaldyfaria,oswaldojor
Direitissima17,oswaldojor
Oliverra_pintad,oswaldojor
lourdesmalves,oswaldojor
FabioIng,oswaldojor
rose_albuquer,oswaldojor
Edilanebornh,oswaldojor
daniel66666472,oswaldojor
Rosangel_Rocha,oswaldojor
AdemarAguiar3,oswaldojor
Lucas_IBR,oswaldojor
SilvaOWemerson,oswaldojor
rwuerz,oswaldojor
AdrianaGrasses2,oswaldojor
Berola04,oswaldojor
Reginal07421749,oswaldojor
clfpadilha,oswaldojor
jgcarlos,AlexandreZiben
LourdesMaraRib1,oswaldojor
7es7o,oswaldojor
joseedu47651824,oswaldojor
Eliani95892921,oswaldojor
Wgner,oswaldojor
Acabou_Porra,oswaldojor
abelanarco,oswaldojor
Ana_LQueiroz,oswaldojor
PatrickSamir2,oswaldojor
rosasilvros,oswaldojor
Walnerbrother1,oswaldojor
Bezerrapqd1,oswaldojor
TicoETeco18,oswaldojor
LourdesMaraRib1,AlexandreZiben
Bloghelio3,AlexandreZiben
b_italoo,oswaldojor
mariosor,oswaldojor
GuiSilv22214851,AlexandreZiben
Jorge57849149,AlexandreZiben
teixeiraosorio,oswaldojor
Lillie18066570,oswaldojor
AntiDop,oswaldojor
dvdnasc,oswaldojor
EsterAbrahao,oswaldojor
Leandro95989099,oswaldojor
Vitoria50901012,oswaldojor
IndignoBrasil,oswaldojor
hansen_vitor,oswaldojor
laerciogody,oswaldojor
Eduardo18767484,oswaldojor
EDERSON03517531,oswaldojor
Fabiomota73,oswaldojor
paulo_teobaldo,oswaldojor
NeimiasP,oswaldojor
SidneyCoimbra,oswaldojor
WalterD51723360,oswaldojor
paesgobol,oswaldojor
RoseMarcondes12,oswaldojor
aline_murgia,oswaldojor
leandrom1973,oswaldojor
marcospperillo,oswaldojor
DOUGLASS2019,oswaldojor
MarcosA90484336,oswaldojor
josivaldo1955,oswaldojor
pedro61049298,oswaldojor
Gianamonteggia,oswaldojor
DaniloCanabarra,AlexandreZiben
reinald30141079,AlexandreZiben
otaviolopes,oswaldojor
Gaga60663753,oswaldojor
SerginSFC,oswaldojor
Rlcarletti,oswaldojor
FbioLuizdeSouz2,oswaldojor
marciosf_Brasil,oswaldojor
Eduardo26252818,oswaldojor
NunesAltemir,oswaldojor
golden_ep,oswaldojor
Eduardo26252818,AlexandreZiben
DaniloCanabarra,oswaldojor
celsohl,oswaldojor
criseliza2009,oswaldojor
wsilva1972,oswaldojor
helenamaria2012,oswaldojor
Roseee2310,oswaldojor
CesarGrande17,oswaldojor
mmamestre,oswaldojor
NinaLuz23695256,oswaldojor
cicero_expedito,oswaldojor
Paulo47314970,oswaldojor
BarbaraPalerm18,oswaldojor
mariaspsicologa,oswaldojor
monelj3,oswaldojor
IIntimo,oswaldojor
Wmarcelino78,oswaldojor
Andrelmcaldeira,oswaldojor
edevaldoolivei3,oswaldojor
MarcioRanierys,oswaldojor
odontvitor,oswaldojor
LanaAra72875885,oswaldojor
alves_yanko,leandroacastro
m_vin,oswaldojor
joelnferreira1,oswaldojor
LuizClaudioVi13,oswaldojor
ricardo_xixa,oswaldojor
JOSEWILSONDIAS2,oswaldojor
paulofs2002,oswaldojor
byll14,oswaldojor
Ahead_Brasil,oswaldojor
maragnopai1,oswaldojor
CarlosG39061554,AlexandreZiben
albertorego15,oswaldojor
paulom0503,oswaldojor
Grfuracao,oswaldojor
AugustoEFriedri,oswaldojor
ClaudioViscont5,oswaldojor
svillela66,oswaldojor
xandevolp,oswaldojor
SandraRezende17,oswaldojor
jandicosta,AlexandreZiben
jleaojr,oswaldojor
Marcos43308391,oswaldojor
MonteVictorC,oswaldojor
Johnsno89373100,oswaldojor
EveraldoeSonia,oswaldojor
liomarribeiro2,oswaldojor
MagdadeOlivei12,oswaldojor
SylosMarcello,AlexandreZiben
BatistaMagela,oswaldojor
vilminha1093,oswaldojor
BrottoLuciene,oswaldojor
edqmc,oswaldojor
Dudu_2009Engler,oswaldojor
PedroHe16822463,oswaldojor
msilveira1305,oswaldojor
benrir1,oswaldojor
Northier1,oswaldojor
Claudio55703073,AlexandreZiben
Lindolf76025723,oswaldojor
RondineliAndre1,AlexandreZiben
ryamazaki10,oswaldojor
SilasOliveiraA1,oswaldojor
mariavivianesa3,oswaldojor
CludiaS92674753,oswaldojor
rozzalima,oswaldojor
Bolsomi62746435,AlexandreZiben
FtimaMe44134209,AlexandreZiben
celsorvianna,oswaldojor
Solange10136224,AlexandreZiben
reiebel,oswaldojor
Sunrise50052540,oswaldojor
ISAURACRISTINA1,oswaldojor
marcelloleiterj,AlexandreZiben
tcsnts,oswaldojor
efraimkaue,oswaldojor
Luciana84119963,oswaldojor
vinidelfrari,AlexandreZiben
Willian10371572,oswaldojor
RenatoN41931202,oswaldojor
GCorreaFilho,oswaldojor
DePuliceno,oswaldojor
CarmenAliceArr1,AlexandreZiben
Bolsowarrior1,oswaldojor
luciliah,AlexandreZiben
AngelaMDuarte1,oswaldojor
lightWarriorNe,oswaldojor
FabioRenatoCos1,oswaldojor
DiegoBa29096481,AlexandreZiben
mrsouzar,oswaldojor
iedapedrotti,oswaldojor
janocardoso,oswaldojor
PedroAl23229107,andreriosrj
Gabriel10651671,oswaldojor
Ydelbrandorc,oswaldojor
fabiocs,oswaldojor
TheTrue0832,oswaldojor
Rassaraivaterr1,oswaldojor
mdbgrava,oswaldojor
rosacostamaria,oswaldojor
emacedojr,AlexandreZiben
ricardomvet,oswaldojor
ToninhojpeM,oswaldojor
ElienaiCastro1,oswaldojor
Vivianerecife,AlexandreZiben
pylonha10,oswaldojor
EvandroBandei10,oswaldojor
MiriamKlassM,oswaldojor
Lude7L,oswaldojor
Peruchi19,AlexandreZiben
ademir_strutz,AlexandreZiben
Marciac34814875,AlexandreZiben
glauciosantos73,oswaldojor
adrivass,AlexandreZiben
Alexand43738372,oswaldojor
maracbm1,oswaldojor
Genilsonmtb,oswaldojor
fabioarte,oswaldojor
aasantos61,oswaldojor
BrasilVencera,oswaldojor
BeneditoNoise,oswaldojor
angoneto,AlexandreZiben
SergioG82743147,AlexandreZiben
Omarbjr,oswaldojor
Brunaxaviermel4,AlexandreZiben
SouzaWallaf,oswaldojor
EtEtcastro,oswaldojor
SilvaniaMorais4,oswaldojor
alecosta_mag,oswaldojor
Franpatriorabr,oswaldojor
duchaves,oswaldojor
BertynosTata,oswaldojor
Andr89439813,oswaldojor
ItamarciaA,oswaldojor
derickvasco150,oswaldojor
fabiotmendes,oswaldojor
Ordemprogresso7,AlexandreZiben
tubaraodbonito,oswaldojor
geraldogado,oswaldojor
gecristal,oswaldojor
BricioNeto,oswaldojor
Ordemprogresso7,oswaldojor
Zaldini,oswaldojor
CarlosUtiike,oswaldojor
Evertomdumaresq,oswaldojor
jsmlmec,oswaldojor
IsaneteMarosti1,oswaldojor
evandro_bv,AlexandreZiben
MSuprir1,oswaldojor
RejaneYaraSilv1,oswaldojor
RoselyJulio,oswaldojor
DarioReserva,oswaldojor
Ch1colima,oswaldojor
acfelizzola,oswaldojor
Ricrdolim1,oswaldojor
serafimleo,oswaldojor
AirtonJrjiu,oswaldojor
ArnaldoRJSP,oswaldojor
TonyEduardo,oswaldojor
RobertoAK4,oswaldojor
JosiasTaxi,oswaldojor
Giordano_lima,oswaldojor
PauloMFGARCIA,oswaldojor
kmeliuskas,oswaldojor
Peruchi19,oswaldojor
FredPaaz,oswaldojor
_phooliveira,oswaldojor
Fer_Patriota,oswaldojor
lucasnedal,oswaldojor
DrJlioCsarVasc2,oswaldojor
NizaRodolpho,oswaldojor
DaviFalco10,oswaldojor
SylosMarcello,oswaldojor
cebritto,oswaldojor
ichthus888,AlexandreZiben
Jeffers26976264,oswaldojor
CAmarilho,oswaldojor
CruzAdrianai3,oswaldojor
Rodibeti,oswaldojor
Carlacostapel,oswaldojor
angoneto,oswaldojor
LuizLoora,oswaldojor
rosahst,AlexandreZiben
oldtrumper,oswaldojor
CaptJoao,oswaldojor
lssposito,oswaldojor
EmersonMAzevedo,oswaldojor
AmadaPartria,oswaldojor
deivid_lembeck,AlexandreZiben
LizBeth12084092,oswaldojor
jleites58,oswaldojor
pas2001,oswaldojor
Angelfisiot,oswaldojor
matarolli,oswaldojor
JosRobe26224351,oswaldojor
helenabisponeve,oswaldojor
epishi,oswaldojor
2c085a7cf48047f,oswaldojor
EsdrasNAPOLITA2,oswaldojor
TheDark10643395,oswaldojor
Deiviso99700478,oswaldojor
AndrMartinez18,AlexandreZiben
DaDomenech,oswaldojor
fleidao,oswaldojor
cledersonbucci,oswaldojor
JOSEJEFFERSONB2,oswaldojor
pegaladrao2020,oswaldojor
Nobertolins,oswaldojor
JoacyFrancisco,oswaldojor
evandro_bv,oswaldojor
LuizCludioCarv4,oswaldojor
Brenocintra4,oswaldojor
phdgamesbr,oswaldojor
Eduardo60817885,oswaldojor
Dambiski,oswaldojor
Gersonfersfilho,oswaldojor
TSXUXU,nalvvaa
OliJonathann,oswaldojor
portalvp,oswaldojor
edudurio,oswaldojor
NilsonJr76,oswaldojor
Marciodesanto,AlexandreZiben
MarcosB00324786,oswaldojor
engmarcelovs,oswaldojor
Mccfava,oswaldojor
Leandrobellavia,oswaldojor
allkar,AlexandreZiben
moacyrd333,oswaldojor
ILDAALVESCABRAL,oswaldojor
Kantunes3,oswaldojor
henryquemacaiba,oswaldojor
JediEstrela,oswaldojor
Marilen85661243,oswaldojor
BGregolio,oswaldojor
raulpalestra,oswaldojor
Eduard1003,oswaldojor
Loydgh,oswaldojor
LucioGoncalve12,oswaldojor
ebervasjr,oswaldojor
Maurici40563688,oswaldojor
lenabrasileira,oswaldojor
pela_rp,oswaldojor
Velasco85386342,oswaldojor
rmexel,oswaldojor
viliton1,oswaldojor
BorbaPamponet,oswaldojor
bionic_trainer,oswaldojor
PeixotoJr1,oswaldojor
WaldineeyO,oswaldojor
tonyreis_tr1,oswaldojor
jonathas380,oswaldojor
HdCarioca,oswaldojor
SrgioSoaresDia2,oswaldojor
AndreLuisB38,oswaldojor
Ricardokiari,oswaldojor
JuniorValter6,oswaldojor
martinsaislan,oswaldojor
luadepaz1,oswaldojor
fatshi55,oswaldojor
Maria35953626,oswaldojor
lidiacarvalho3,oswaldojor
Zepykenu,oswaldojor
Lucienejs73,oswaldojor
SorviloS,oswaldojor
marlicris,oswaldojor
AdenizePonisch,oswaldojor
intercessores,oswaldojor
vilelaarts,oswaldojor
BolsoBot2,oswaldojor
LopesDonizetti,oswaldojor
joz_fernandes,oswaldojor
MariaRo04475653,oswaldojor
EsterlaineAvila,oswaldojor
sidineisdias,oswaldojor
viv_souza,oswaldojor
dyamamuie,oswaldojor
LuizFer21857553,oswaldojor
Fe2Forca,oswaldojor
leilavitoreli,oswaldojor
AbelardoAMJr,oswaldojor
drandregusmao,oswaldojor
amr5858,oswaldojor
jrobert999,oswaldojor
Leao_Go,oswaldojor
AMelo81524115,oswaldojor
TerezaCris59,oswaldojor
JayNew777,oswaldojor
Alessan68421711,oswaldojor
Formiguinhaz2,oswaldojor
38nordestino,oswaldojor
wsaillen25,oswaldojor
leleou,oswaldojor
CauduroLiana,oswaldojor
AborigeneB,oswaldojor
fconetho,oswaldojor
Jairsilvadejes3,oswaldojor
Vincexpt,oswaldojor
fernandesea,oswaldojor
stardustcompres,oswaldojor
Corbulon,oswaldojor
FferreirabFabio,oswaldojor
fabiosantosmond,oswaldojor
MoliveiraL,oswaldojor
teodoraDany5,AlexandreZiben
Fabi65207143,oswaldojor
LuizMedeiros17,oswaldojor
shcvasco,oswaldojor
mayyscardoso1,oswaldojor
Ora_Pombas,oswaldojor
SandraO22153850,oswaldojor
NETO406,oswaldojor
JoseOliHendrix,oswaldojor
DrJlioCsarVasc2,AlexandreZiben
miltonsavana,oswaldojor
RodrigoF70,oswaldojor
MarcoEduardoda3,oswaldojor
JesusReidosRei7,AlexandreZiben
pm_souza,oswaldojor
Jereba58947764,oswaldojor
DouglasTLacerda,oswaldojor
Marlyjs1,oswaldojor
patrikricardo,oswaldojor
tabatinga,oswaldojor
vanderleisonic,oswaldojor
LeoFlecheiras,oswaldojor
florena62084751,oswaldojor
LipeMatos4,oswaldojor
KKaipper,oswaldojor
Lkarlyle,oswaldojor
CunhaLucare,oswaldojor
RoseCereja10,oswaldojor
amor_febril,oswaldojor
Antonio09928634,oswaldojor
raupp_joao,oswaldojor
atlas_6,oswaldojor
Fabio_Lemos55,oswaldojor
JefflimaNr,oswaldojor
amsocorro,oswaldojor
gueiros_tania,oswaldojor
ZulmaCardoso,oswaldojor
HANS_BODOLZA,oswaldojor
centralminas,nalvvaa
7RicardoMiranda,oswaldojor
wellington_vill,oswaldojor
ValterR98681004,oswaldojor
desouza_valmir,oswaldojor
fmichelina,oswaldojor
MEstevaoSoares,oswaldojor
TavaresEla,oswaldojor
thiagobonardi,oswaldojor
hury_andre,oswaldojor
oninjacristao,oswaldojor
_RoboMiliciano,oswaldojor
AugustusLiberd1,oswaldojor
TiaWhatsapp,AlexandreZiben
MARINAKHFERREI1,oswaldojor
Patriot30530773,oswaldojor
Vitor98022431,oswaldojor
Mtcondor,oswaldojor
AttFlavio,oswaldojor
reserva_luis,oswaldojor
DestroAvante,oswaldojor
Belinha37081737,oswaldojor
RGritzbach,oswaldojor
direitaarretada,oswaldojor
DarisaMarvilla,oswaldojor
pauloalmerio,oswaldojor
nandorappa40,oswaldojor
ruirapina2,oswaldojor
SalesDarlison,oswaldojor
2509Vania,oswaldojor
otensnebur4,oswaldojor
machotoxicogma1,oswaldojor
VerboMinion,oswaldojor
MotaDnis,oswaldojor
JeanNazario,oswaldojor
OmarUeber,oswaldojor
Marcia46889522,oswaldojor
Gilson97177625,oswaldojor
Clariss78641280,oswaldojor
Gregory61935764,oswaldojor
Veronica__Neves,oswaldojor
DuduBolsonaro,oswaldojor
Belfi,oswaldojor
conservadorimb,oswaldojor
dudu_santana05,oswaldojor
Guttas_Lima,oswaldojor
EdesonJunior,oswaldojor
MarcosLRF,oswaldojor
verbrasil2020,oswaldojor
neey_rodrigues,oswaldojor
marlon_plaster,oswaldojor
erikaefrancis,oswaldojor
03bf30118c25476,oswaldojor
silva_walmensy,oswaldojor
MARIAANANEVES,AlexandreZiben
PEDROMA21475089,oswaldojor
1Bairro,oswaldojor
jbrpinto,AlexandreZiben
Marcia27643920,oswaldojor
frederico_paes,oswaldojor
JUNEOSANTOS,oswaldojor
Elevenceyvence,oswaldojor
GuedesBarba,oswaldojor
Airis1971,oswaldojor
OzaneSilv,oswaldojor
CarloSeKaellY,oswaldojor
Anderso37121896,oswaldojor
Gime38Bolsonaro,oswaldojor
pelobrasilluta1,oswaldojor
VeraPer11455652,oswaldojor
cmtepiedade,oswaldojor
Zen_Collares,oswaldojor
blogdojota,oswaldojor
RushMMA,andreriosrj
clebimsantana,oswaldojor
lokos_dias,oswaldojor
Osmar44161459,oswaldojor
4_21msp292609,oswaldojor
ErtelNeusa,oswaldojor
mvalf,oswaldojor
josessoluza,oswaldojor
RoniVilar,oswaldojor
StrutzRegis,oswaldojor
CliaAra99470162,oswaldojor
paulorcviana,oswaldojor
DianaBrasilBR,oswaldojor
vanderxavier,oswaldojor
Valente38Carla,oswaldojor
mjmacul_lima,oswaldojor
claudiauchoa2,oswaldojor
joaorib5,oswaldojor
elisetemoschett,oswaldojor
imtathy,oswaldojor
AdanJonas2,oswaldojor
rodiasfaria,oswaldojor
marylakas,oswaldojor
jailsonrosa1,oswaldojor
marylakas,AlexandreZiben
SandraCarVieira,oswaldojor
allinpeace3,oswaldojor
advogadotonha,oswaldojor
Infinito262,oswaldojor
Jorge01527699,oswaldojor
Yellowbird77777,oswaldojor
RobertoOshiro,oswaldojor
RaquelSmithy,oswaldojor
carina_ito,AlexandreZiben
BRStillAlive,oswaldojor
brauliobraga,oswaldojor
italolch,oswaldojor
MirnaConceicao,oswaldojor
MarciaZanellaB,AlexandreZiben
LiliaSantosSil1,oswaldojor
Gabriel94295186,oswaldojor
TecCeo72,oswaldojor
ElaineArjo,oswaldojor
bolstrump,oswaldojor
capitaobrasilll,oswaldojor
marcelolichter,oswaldojor
AluisioGDO,oswaldojor
lutesta,AlexandreZiben
Junoxrn,oswaldojor
JustBira,oswaldojor
AlmirFilho_33,oswaldojor
cwcmcz,oswaldojor
mayariinhaa__,oswaldojor
RaphaelCoelho48,AlexandreZiben
i_crisol,oswaldojor
cedro_julio,oswaldojor
Fabrici16039989,AlexandreZiben
paulo12041,oswaldojor
MaatVillacian,oswaldojor
AlicePetrucci4,oswaldojor
Mariada99230084,oswaldojor
1718Ritamaria,oswaldojor
prwaltermendes1,oswaldojor
EliasSantos18,oswaldojor
JMB_38,oswaldojor
s1lucassilva,oswaldojor
Mendona16Rita,oswaldojor
Lucasgamer360Pc,oswaldojor
SilBonoro,oswaldojor
arloedes,oswaldojor
izabelfeitosa,oswaldojor
AlexandreQuare7,AlexandreZiben
jocapavesi,oswaldojor
Elcio39464892,oswaldojor
Xavier_BR,oswaldojor
fernando68s,oswaldojor
marcoarg_udi,oswaldojor
ValterGonsan,oswaldojor
iaiabemcasados,oswaldojor
nancimeirelles,oswaldojor
AlexandreQuare7,oswaldojor
rogarao_,oswaldojor
Netorubronegro,oswaldojor
adolfo_coelho,oswaldojor
CanaMaster,oswaldojor
SandraJbDIREITA,oswaldojor
JulioGrillo7,oswaldojor
mariete_mm,oswaldojor
sandraamorim123,oswaldojor
RannayOliveira,oswaldojor
aiiltoncarlos3,oswaldojor
Gustavo_RJ_70,oswaldojor
FFrancoMNeto,oswaldojor
JAR_Over,oswaldojor
PedroGRgroup,oswaldojor
Bandeirante1910,oswaldojor
Oopressor007,oswaldojor
carina_ito,leandroacastro
carina_ito,oswaldojor
galeno_vinicius,oswaldojor
DriicaaMR,oswaldojor
aluka_lu,oswaldojor
MarcosX86127534,oswaldojor
Mickey20Silva,oswaldojor
Paulo01440752,oswaldojor
francisdear12,oswaldojor
wrinfo,AlexandreZiben
c_georgens,oswaldojor
marcoscorreia99,oswaldojor
xingu971,oswaldojor
famcor,oswaldojor
lccelente,oswaldojor
majorelitusalem,oswaldojor
SandroMorgan1,oswaldojor
ReisMoreira2,oswaldojor
t100igual,oswaldojor
CarlosG38943246,oswaldojor
MargaretePedr15,oswaldojor
VeraBolsonaroda,oswaldojor
iandersonmaia,oswaldojor
EdGaarcia,oswaldojor
direit_a,oswaldojor
Marcia_hel,oswaldojor
MacielAureo,oswaldojor
Deyse89631268,oswaldojor
TRBJJ,oswaldojor
JAPONESA35,oswaldojor
DavidLucasR9,oswaldojor
DanteD_M_C,oswaldojor
RubbermaidenO,oswaldojor
CampeloNilton,oswaldojor
Osneideadv,oswaldojor
marinesio_lima,oswaldojor
BonoroSoldier,oswaldojor
Leomira12,oswaldojor
leandrolemosbr1,AlexandreZiben
JeffsAndrade,oswaldojor
ricardojgomes,oswaldojor
Lucinha30976444,oswaldojor
Antonio58123,oswaldojor
mhfava,oswaldojor
jacquietequila,andreriosrj
elcivanni,oswaldojor
marques_pessoa,oswaldojor
felipevvasco,oswaldojor
sergiopiraque,oswaldojor
Adv_Gecimar,oswaldojor
Jairovpm,oswaldojor
EdnaldoViama,oswaldojor
Sezibio1,AlexandreZiben
MariaSo92340189,oswaldojor
WeltonJorgeOli1,oswaldojor
acassio_carlos,oswaldojor
FrankBros,oswaldojor
mariana48832954,oswaldojor
luanemaira,oswaldojor
HELLVOC,oswaldojor
PauloVi67998041,oswaldojor
Camusha,oswaldojor
MariaDo05991766,AlexandreZiben
GallazzoPaulo,oswaldojor
Marc2010,AlexandreZiben
LeviGenuino,oswaldojor
DanielBarros38,oswaldojor
sandrameira,oswaldojor
FernandoAssis65,oswaldojor
ElizMMBatista,oswaldojor
Tamar_Zis,AlexandreZiben
Phfachini,oswaldojor
WILLAMS58456742,oswaldojor
AvanteBrasil_,oswaldojor
joaoagripino4,oswaldojor
Herval68461744,oswaldojor
CaffeSandra,oswaldojor
BronsonHard,oswaldojor
WillowJalapeno,oswaldojor
mariomil691,AlexandreZiben
Hugaoguili,oswaldojor
FazanEumesmo,AlexandreZiben
AssuncaoJuvenal,oswaldojor
CleoNscimento,oswaldojor
Walter_tko,oswaldojor
dani_liberdade,oswaldojor
fpshello2u,AlexandreZiben
PauloMe25353677,oswaldojor
bolsopolvora,oswaldojor
Marlene22046135,oswaldojor
Vanderl64327495,oswaldojor
ebook_gratis_br,oswaldojor
CassiaBolso38,oswaldojor
AnderTorres5,oswaldojor
carlosbaltha,oswaldojor
AlanKBrasilNovo,oswaldojor
kscorrea,andreriosrj
stabileleo,oswaldojor
FreitasDanuza,oswaldojor
ReAssunc,oswaldojor
VozBrasilis,oswaldojor
faustoTna,oswaldojor
Q34718575,oswaldojor
santanaeliane25,oswaldojor
PauloMa84987149,AlexandreZiben
ronaldofreitas,oswaldojor
diken_2,oswaldojor
MarlyMms,oswaldojor
MariaSaboia2,oswaldojor
caner_sonia,oswaldojor
Codi_Br_Q,oswaldojor
ariesprm,oswaldojor
JoanaStone5,oswaldojor
ltannus,AlexandreZiben
PRFSANTOS1957,oswaldojor
ana_ahcintra,oswaldojor
michele_kam,oswaldojor
hugodemelocosta,oswaldojor
NaoSouO97825936,oswaldojor
lucyprata2011,oswaldojor
CarlosFurlanet2,oswaldojor
sau_ivani,oswaldojor
PauloEd14814059,oswaldojor
alexedru,oswaldojor
CristianeAran10,oswaldojor
RafaeldeSouzawb,oswaldojor
CeliamaraMara,oswaldojor
Emerson121974,oswaldojor
Reivindicador,AlexandreZiben
ricardofig74,leandroacastro
EdsonDideca,oswaldojor
Jackson98425332,AlexandreZiben
andrego96010482,oswaldojor
Bob54441445,AlexandreZiben
fla_2019,oswaldojor
AuroLety,oswaldojor
GrippCosta,AlexandreZiben
PatriotaOnline,oswaldojor
masumcanal,AlexandreZiben
SspeedBrasil,oswaldojor
AlexandreZiben,
MLauramcamp,oswaldojor
wilkslander,oswaldojor
csnunes1,andreriosrj
JaquesLorenge,oswaldojor
Rblanco_03,oswaldojor
michelmrocha,oswaldojor
MarciaB16982788,oswaldojor
albertoargentin,oswaldojor
llellecco1312,oswaldojor
natachaornellas,oswaldojor
MarlianeCupido,oswaldojor
eduardofarnut7,oswaldojor
Lapio01803996,oswaldojor
dricaribeiro03,oswaldojor
fernand06327130,oswaldojor
IndieThinker201,oswaldojor
JuniorDJNatal,oswaldojor
Marcus_Rothsch,oswaldojor
sandralife10,oswaldojor
mateus_ss_oo,oswaldojor
Marcelo45216772,oswaldojor
Marcos08905454,oswaldojor
Cesar_Luiz020,oswaldojor
Maxximum500,oswaldojor
mfmMimi,oswaldojor
xandumalin,oswaldojor
Robson42df,oswaldojor
Mzo_EmbreaGALO,oswaldojor
David73692593,oswaldojor
luizalb81725374,oswaldojor
alpoanderson,oswaldojor
ellencgc,oswaldojor
thiagorfagundes,oswaldojor
PAULOBRIGADIANO,oswaldojor
wschneider27,oswaldojor
KenjiK474,oswaldojor
WLCDG,oswaldojor
Bethlyse,oswaldojor
brunofabianodi1,oswaldojor
csnunes1,oswaldojor
Ianaoli82892141,oswaldojor
neybcruz,oswaldojor
BeatrizMag2017,oswaldojor
DonaVida_,oswaldojor
leopan1_,oswaldojor
jeffelima46,oswaldojor
Romelia_corret,oswaldojor
PauloSerafimBR,oswaldojor
LuizMar08354066,oswaldojor
Silvia07688009,oswaldojor
ClaudiaSchutz1,oswaldojor
svbauditor,oswaldojor
mariang24373446,oswaldojor
Ortiz74Fabricio,oswaldojor
Patrici10581340,oswaldojor
DalvaPhagundes,oswaldojor
selmacarlos3,oswaldojor
Junior10297390,oswaldojor
WanderPenna,oswaldojor
LuanaRupf,oswaldojor
AlziraMMSFS,oswaldojor
ffasanojr,oswaldojor
elianabragam,oswaldojor
SoFia55682262,oswaldojor
Jorge42931348,andreriosrj
Maclia1,oswaldojor
ArcParis,oswaldojor
meccneto,oswaldojor
michaelglad,oswaldojor
VeranoFatima,
AirtonMarceloS1,oswaldojor
AliceIgreja,oswaldojor
MaiconM60209744,oswaldojor
ItaJK,oswaldojor
MARIADA25548896,oswaldojor
ElisCarmem,oswaldojor
srgomesoliveira,oswaldojor
Te_nandes,oswaldojor
andreriosrj,
lidio80ribeiro,oswaldojor
LCMor9,oswaldojor
Cleo57759142,oswaldojor
GrazielaFaria19,oswaldojor
Padilha31761925,oswaldojor
magdielnascimen,oswaldojor
SimoneTiaZap,oswaldojor
call_suporte,oswaldojor
Thiago_M_Reis,oswaldojor
MosheFernando1,oswaldojor
MayDgony,oswaldojor
lonengineer10,oswaldojor
Kika_nra,oswaldojor
DeiaPimentinha1,oswaldojor
CarlosafMatoss,oswaldojor
JCMOTA20,oswaldojor
fcnascimento38,oswaldojor
izaquens,oswaldojor
LeoCesar_VS,oswaldojor
ElzaGimenez47,oswaldojor
antikuariun,oswaldojor
DivinaRamosdeC1,oswaldojor
PauloRo18585739,oswaldojor
Maryna13882318,oswaldojor
garnov01,oswaldojor
tonyyyss,oswaldojor
picapau0717,oswaldojor
agathagatosa,leandroacastro
envolute,oswaldojor
marcelopepecos,oswaldojor
Sandrafln,oswaldojor
botunoticias,
Izabelbelel1,oswaldojor
JRVOJ1,oswaldojor
CleberAugusto10,oswaldojor
EleGueller,oswaldojor
GlauberMaracaja,oswaldojor
seteeng,oswaldojor
Sezibio1,oswaldojor
Leninha2022,leandroacastro
Fabiano42023480,oswaldojor
azul_mosca,oswaldojor
Lidiamar16,oswaldojor
PandocaBr,oswaldojor
m0retznar0,oswaldojor
luciane_galli,oswaldojor
JosAntn47225351,oswaldojor
KeliVeronezi,oswaldojor
kleberBLoureir2,oswaldojor
Igor59881,oswaldojor
BartolSEP,oswaldojor
adrivass,oswaldojor
DaSoberania,oswaldojor
VilmaReis15,oswaldojor
WillameNelson,oswaldojor
pontes1902,oswaldojor
avalengajr,oswaldojor
daniellaier,oswaldojor
AriSophia2533,oswaldojor
vitornasciment0,oswaldojor
Fernand31344497,oswaldojor
SilvaMarcosrj,oswaldojor
VeraCariocaBr,oswaldojor
betobraga22,oswaldojor
gelsun1,oswaldojor
Ana59781364,oswaldojor
leandrodlopes,leandroacastro
RicardoMdeRese1,oswaldojor
wellington0284,oswaldojor
ResistP,oswaldojor
BCJRMM,oswaldojor
mark_marcius,oswaldojor
Correa69333652,oswaldojor
DanielM04278598,oswaldojor
mailliw1968,oswaldojor
Jorge42931348,oswaldojor
cabogilberto,oswaldojor
Rosanimarlifern,oswaldojor
OAnticomunista3,oswaldojor
CamiloS72891790,oswaldojor
fabriciotst02,oswaldojor
zukawind,oswaldojor
marcos020468,oswaldojor
Danibrents,oswaldojor
leninha_rabelo_,oswaldojor
AppsWss,oswaldojor
onorialacerda,oswaldojor
RosangelaScher7,oswaldojor
AyurvedaPoa,oswaldojor
MagaliKrauss,oswaldojor
JerryLandru,oswaldojor
cjgarcia1104,oswaldojor
dorivas5,oswaldojor
mariais06958512,oswaldojor
bardelao,oswaldojor
Thomasalgarvio,oswaldojor
Limaschum,nalvvaa
macmachado57,leandroacastro
JosLuizMendes5,oswaldojor
DrikaSDrikaS,oswaldojor
Antonio91152382,oswaldojor
PrisonMatrix,oswaldojor
eleitor_robo,oswaldojor
EdmirSilva1,oswaldojor
feydenanda,oswaldojor
DeiaCGaigher,oswaldojor
LRonaldoUSA,oswaldojor
PoliticaBarao,oswaldojor
alexsantosmmn,oswaldojor
CeticoDeSouza,oswaldojor
AnaPaul60490863,oswaldojor
BrazPaulino2,oswaldojor
oMaiquelSantos,oswaldojor
aka_tonho,oswaldojor
flavio_tadeu,oswaldojor
LucihelenOlivei,oswaldojor
EdmilsonVF,oswaldojor
JMarins3,oswaldojor
MrioPA1,oswaldojor
Belfav,oswaldojor
Rosana_Reis0907,oswaldojor
costa_brida,oswaldojor
SouzaPaulo1965,oswaldojor
JorgeSi71261691,oswaldojor
christianponzo1,oswaldojor
Maria04214813,oswaldojor
RonaldyAzevedo,oswaldojor
kamekaze2999,oswaldojor
ferassal,oswaldojor
tovarbaggio,oswaldojor
AnaJuliaACosta6,oswaldojor
mtcosmo1,oswaldojor
Rodrigo35886377,oswaldojor
Ronaldo89918422,oswaldojor
Hlio55250191,oswaldojor
Paulo_H_de_Meo,oswaldojor
Fernand28138757,oswaldojor
colombinigbrl,oswaldojor
AnjoDigital38,oswaldojor
macfelsp,oswaldojor
MarisaYoshizane,oswaldojor
caalsosi,oswaldojor
cabecaazul,oswaldojor
mullerwj,oswaldojor
sandrammnoguei1,oswaldojor
celia_exel,oswaldojor
Rafael_batizta,oswaldojor
SilvaNeilon,oswaldojor
reginamedeiros_,oswaldojor
fransprijkel,oswaldojor
AdnarimBrasil,oswaldojor
Andreiapcout,leandroacastro
Edson72916330,oswaldojor
WBJB38,oswaldojor
fec5588fm,oswaldojor
DougPunisher,oswaldojor
AgrenSilvia,oswaldojor
BrasilMagestik,oswaldojor
gabrielgael,oswaldojor
NiniBaptista,oswaldojor
nadiateixeiraa1,oswaldojor
RodrigoAmaralPr,oswaldojor
Vivaldospfc,oswaldojor
nikosantos1,oswaldojor
Alessan48181864,oswaldojor
Consuel33819381,oswaldojor
Eliseu736,oswaldojor
FbioRob10046998,oswaldojor
simonebertoldo2,oswaldojor
BragaCalcagno,oswaldojor
RCOPsicanalise,oswaldojor
oficialgx,oswaldojor
PorongoDe,oswaldojor
CartegianeSilva,oswaldojor
marceljuliani,oswaldojor
trump46bolso39,oswaldojor
Vic46476119,oswaldojor
BrasilcomBolso3,oswaldojor
HeloisadeMedei1,oswaldojor
Marciadesigner,oswaldojor
catiafelaco,oswaldojor
francaax1,oswaldojor
Manfred42793143,oswaldojor
GilberlandiaG,oswaldojor
LuizOrlandoSou2,oswaldojor
FilipeR88650592,oswaldojor
Dr_David_PM,oswaldojor
soldeverao,oswaldojor
plotstation,oswaldojor
slzr1,oswaldojor
Annetthy,oswaldojor
mirandadireito,oswaldojor
FabioOl25965720,oswaldojor
macielclaudio,leandroacastro
SilvioRacy,oswaldojor
zane_bf,oswaldojor
nortonson,oswaldojor
Crossrace,oswaldojor
Patyolivar3s,oswaldojor
marioyukio,oswaldojor
cassiagontijo,oswaldojor
mark_oficialll,oswaldojor
DinizDireita17,oswaldojor
Yuri_Ohare,oswaldojor
Telma37313958,oswaldojor
Sirlene_Lazz,oswaldojor
andersonfasio,oswaldojor
romario_neves,oswaldojor
VTezolim,oswaldojor
ArleanAndrei,leandroacastro
Adelmoreira,oswaldojor
Mr_TeddyBR,oswaldojor
Simone24981218,oswaldojor
deivis_sil,oswaldojor
PatriciaLauand,oswaldojor
RosenaraCoelho,oswaldojor
clodimarbranco,oswaldojor
FuiCancelada,oswaldojor
leandroacastro,oswaldojor
JujudeBH,oswaldojor
GauchoLuisinho,oswaldojor
ValeriaVaniaM,oswaldojor
ejmorais59,oswaldojor
AthaydeAleida,oswaldojor
DhomnCRF,oswaldojor
BRAnticomunista,oswaldojor
rodolfobcintra,oswaldojor
leovikn,oswaldojor
blawatsky,oswaldojor
CarraraRogerio,oswaldojor
MarconiBSC,oswaldojor
fera2k,oswaldojor
DuarteRomilda,oswaldojor
HerickNAlves,oswaldojor
IvesEvaldo,oswaldojor
Registh,oswaldojor
CLAUSANTOSBR1,oswaldojor
enavesjun,oswaldojor
Eds_Vaz,oswaldojor
deusvult1_m,oswaldojor
ToleranciasZ,oswaldojor
ZePaulo02,oswaldojor
GilGilaudioart,oswaldojor
Alexand04373024,oswaldojor
Roberto80226163,oswaldojor
AristotelesVia,oswaldojor
RobertoSilkeden,oswaldojor
DaniloOngaro,oswaldojor
LuizVilches,oswaldojor
hamsprow,oswaldojor
ricoaraujo52,oswaldojor
chess531,oswaldojor
realCintiaLima,oswaldojor
aruthcao,oswaldojor
sereiantunes,oswaldojor
MagdaSims,oswaldojor
luizseguros01,oswaldojor
reclamadoria,oswaldojor
zaninmoreira,oswaldojor
clodoaldosilva5,oswaldojor
AleDireita,oswaldojor
naoeobatmanbr,oswaldojor
Wilson1Costa,oswaldojor
danproj,oswaldojor
AnaZus2019,oswaldojor
uriasnovais,oswaldojor
MarciaCardooso,oswaldojor
Kvalca3,oswaldojor
FabioLimaTI,oswaldojor
bisaholanda,oswaldojor
DiogoHSQ14,oswaldojor
CarmoBarbosa5,nalvvaa
DoriEdsonDaSil1,oswaldojor
arthurgalhoes,oswaldojor
RobGiongo,oswaldojor
AndrMartinez18,oswaldojor
servio_bb,oswaldojor
AGNALDO06784128,oswaldojor
nandolima9411,oswaldojor
lucianoap1977,oswaldojor
dspbmoh,oswaldojor
kellyyasmin38,oswaldojor
oSamurai369,oswaldojor
PedroIv08550211,oswaldojor
RamalhoLicia,nalvvaa
vandecely,oswaldojor
Dulobs1,oswaldojor
helenagsoo,oswaldojor
ConservaDonna,oswaldojor
OMARCAPUTOSOFFR,oswaldojor
MarciaGerhardt1,oswaldojor
camelo_junior78,oswaldojor
CesarPradoBr,oswaldojor
AdeleNascAl,oswaldojor
antiidiotautil,oswaldojor
josiclea4,oswaldojor
Alebeltran112,oswaldojor
luizpaiola,oswaldojor
ildete_dos,oswaldojor
ClaudioTadeuFa1,oswaldojor
juliana82835921,oswaldojor
SandraMBS,oswaldojor
ValterRibeiroM1,oswaldojor
Daniela33853314,oswaldojor
ojoaosalas,oswaldojor
mamari6263,oswaldojor
eliana_avellar,oswaldojor
HenriqueMarq100,oswaldojor
MariaJosDosRei5,oswaldojor
Bronson_X,oswaldojor
Tomarok75,oswaldojor
BOLSONAROSEMP10,oswaldojor
BonDagner,oswaldojor
JosAntn32183309,oswaldojor
Cesar63944030,oswaldojor
tibrar,oswaldojor
marciar_camargo,oswaldojor
suzalo,oswaldojor
monteiro_leoni,oswaldojor
jorgealen,oswaldojor
sheilohka,oswaldojor
gerametanoia,oswaldojor
Silvia11717546,oswaldojor
wilton_corsino4,oswaldojor
BarbaraBraga38,oswaldojor
Mano_truta10,oswaldojor
thiagocauan2009,oswaldojor
MDSouza16,oswaldojor
Liza_leonina,oswaldojor
Fheer_SEP,oswaldojor
JotaSan77408048,oswaldojor
nalvvaa,
ElianaLara02,oswaldojor
FLU_Feelings,oswaldojor
DilzaHeredia,oswaldojor
rosacosta_40,oswaldojor
cristianeperuc1,oswaldojor
cludio_top02,oswaldojor
PurcinoMary,oswaldojor
remescarvalho,oswaldojor
AdilsonCastor,oswaldojor
SanNascim,oswaldojor
FeliixxDd,oswaldojor
BetoForti,oswaldojor
gleise_god,oswaldojor
Claudia28671794,oswaldojor
Arquetipa1,oswaldojor
vasconclivia,oswaldojor
flimaoliv,oswaldojor
leo1554,oswaldojor
MartaScramin,oswaldojor
Moisazl,oswaldojor
filhaao,oswaldojor
albuquerque918,oswaldojor
Rengo_42,oswaldojor
Maiconboscaini_,oswaldojor
CelsoDavidGOME2,oswaldojor
brenoslm,oswaldojor
MauricioSaab,oswaldojor
f_reginato,oswaldojor
Camelot96240788,oswaldojor
Gisaieira,oswaldojor
MarcosMarcondes,oswaldojor
Livingston_004,oswaldojor
AnaMariadeGois2,oswaldojor
daniel_BR8,oswaldojor
abrahaolincol,oswaldojor
Claudioffontess,oswaldojor
Atilarogergona1,oswaldojor
LeilaBolsonaros,oswaldojor
nozreteq,oswaldojor
PratesClaudemir,oswaldojor
celsoeduadvogad,oswaldojor
JotaFloripa,oswaldojor
Daniel_Kleinber,oswaldojor
kennia_ft,oswaldojor
AlambertDe,oswaldojor
RSodre52,oswaldojor
JaimePedroDaSi3,oswaldojor
AdrianoJorgeGo2,oswaldojor
fidesgratia,oswaldojor
cabecadeleitoa,oswaldojor
ThiagoLessaDaS1,oswaldojor
GildervalV,oswaldojor
betobellin,oswaldojor
SansoFred,oswaldojor
martha66cristi1,oswaldojor
pcesarsilva1,oswaldojor
FranklinHerber6,oswaldojor
Bob54441445,oswaldojor
_ZuleikaBrand_,oswaldojor
veronicamariadu,oswaldojor
luiscar38597146,oswaldojor
marciopereira07,oswaldojor
Mozelli1,oswaldojor
Eduardomancha15,oswaldojor
Belle_Sissi_,oswaldojor
carla_mayrink,oswaldojor
StinchiRicardo,oswaldojor
IgnesNeto,oswaldojor
luizriba,oswaldojor
SEMPREGALO4,oswaldojor
JanaMendona1,oswaldojor
fabiano_hojjo,oswaldojor
Mavde1,oswaldojor
BrasileirinhoX,oswaldojor
charlestonRafae,oswaldojor
rocktadi2020,oswaldojor
jaimerausch14,oswaldojor
Denise_RM_,oswaldojor
MANOELMOURA1,oswaldojor
BrunoNavilli,oswaldojor
AC_Moreiraa,oswaldojor
JorgeLu05493310,oswaldojor
FuedAmim,oswaldojor
almeneto,oswaldojor
MarciaZanellaB,oswaldojor
SabbagOdair,oswaldojor
ricardompeixto,oswaldojor
Lhouros,oswaldojor
EdmilsonNascen1,oswaldojor
Marc49machado,oswaldojor
Evandro63650639,oswaldojor
ZeliaMariadaSi1,oswaldojor
ClaudionoSilva,oswaldojor
DayseBarela,oswaldojor
DaviLopesBoeno,oswaldojor
Andregustavo188,oswaldojor
Ronimar0,oswaldojor
RAnBTT,oswaldojor
IVENSSOLER,oswaldojor
rkss2,oswaldojor
sander_zambon,oswaldojor
gilcp3,oswaldojor
EmersonBuenode2,oswaldojor
Jeankid2912,oswaldojor
uhtredbb,oswaldojor
ricovmader,oswaldojor
deusvult2022,oswaldojor
13renangmc,oswaldojor
jorgebaddini,oswaldojor
AmmirLine,oswaldojor
LucieneM7,oswaldojor
DIAMANTINO71,oswaldojor
JuarezBruschi,oswaldojor
gomessleno,oswaldojor
Gerson__Souza,oswaldojor
EduardoNegraes,oswaldojor
jeffersonevang1,oswaldojor
AlfanoEliane,oswaldojor
AlunaPatriota,oswaldojor
RosianiMazon,oswaldojor
Anderso27833472,oswaldojor
D38ferrer,oswaldojor
AlCatanas,oswaldojor
godoyritac,oswaldojor
MarcosMoniva,oswaldojor
paznaterra,oswaldojor
FBaruchBrasil,oswaldojor
Marcos_Villa_A,oswaldojor
garciaabravoo,oswaldojor
sucurlei1,oswaldojor
emeaerreceoesse,oswaldojor
michelmuller,oswaldojor
edilsonlucena,oswaldojor
Gilbert_gyba,oswaldojor
saoapenasmil,oswaldojor
Marcelo84248209,oswaldojor
Ronaldo56860425,oswaldojor
andersonno,oswaldojor
Cioliveira10,oswaldojor
mariajo22541810,oswaldojor
scampanate,oswaldojor
Armando01965240,oswaldojor
off_marcia,oswaldojor
Eder64529818,oswaldojor
alencar_soraya,oswaldojor
TomLima777,oswaldojor
maupessoa,oswaldojor
aquiacola2,oswaldojor
silvasp_silva,oswaldojor
Regispol,oswaldojor
JoaoMJr1,oswaldojor
cakerfeldt1,oswaldojor
SergioGuerra38,oswaldojor
thehoneybadgerD,oswaldojor
verdadeturbo2,oswaldojor
spartaconapoli,oswaldojor
PorcheddCris,oswaldojor
niteroiadireita,oswaldojor
VanderleiaRod12,oswaldojor
grimreaper_br,oswaldojor
Fabio_Gongora,oswaldojor
Vitor42795744,oswaldojor
FranciscoSonoda,oswaldojor
RafaelB51999274,oswaldojor
HagdaMasson67,oswaldojor
alzira36,oswaldojor
Lilica15329279,oswaldojor
william_moebius,oswaldojor
leomed_rov,oswaldojor
mafair12,oswaldojor
Jefer120106,oswaldojor
06Norbit,oswaldojor
oadvogadoadvbr,oswaldojor
reiastrologia,oswaldojor
frankwilliancs,oswaldojor
AlvaroMCampos1,oswaldojor
RINALDORODRIX,oswaldojor
NINO_PATRIOTA,oswaldojor
Rocarmona8,oswaldojor
CezarAl27715987,oswaldojor
Marcosaborto,oswaldojor
Wanderpires4,oswaldojor
sandrosjs14_da,oswaldojor
FelixRosmary,oswaldojor
LUIZ72170546,oswaldojor
Marcelo7967,oswaldojor
DeusAcimadeTo10,oswaldojor
Dourado54965708,oswaldojor
algustbueri,oswaldojor
GustavoADS,oswaldojor
Verdesserg,oswaldojor
ssa00001,oswaldojor
Joabemborges,oswaldojor
Rodrigo_Magaldi,oswaldojor
PAULONETO231267,oswaldojor
santos_valdean,oswaldojor
Alessandro_flpb,oswaldojor
dias_elisabete,oswaldojor
JussaradeSouz20,oswaldojor
assiscarvalho1,oswaldojor
Gabiparnahyba1,oswaldojor
sppaulo,oswaldojor
nalvvaa,oswaldojor
38neless,oswaldojor
Cristia93632921,oswaldojor
Lucas_Isaias_,oswaldojor
SibeleGuimarae2,oswaldojor
_Dea_LN,oswaldojor
Oskrito20mmm,oswaldojor
AlanaMattos16,oswaldojor
diegoannes1,oswaldojor
ChikJeitoso,oswaldojor
marcelo74772123,oswaldojor
FlaviaBFaustin7,oswaldojor
VANDERLEIEEDNA,oswaldojor
alexynunes,oswaldojor
odeciocosta,oswaldojor
DoloresGuedes1,oswaldojor
GenecyTomaz,oswaldojor
7938ba51ded8488,oswaldojor
Jackson98425332,oswaldojor
arianepinto,oswaldojor
sezaum,oswaldojor
CarmoP4oficial,oswaldojor
ClaudioLuz_,oswaldojor
SylviaMinion2,oswaldojor
SheRa95346922,oswaldojor
Angelams54,oswaldojor
AnaMBolsonaro,oswaldojor
Conservativera6,oswaldojor
Cesconetto2003,oswaldojor
paula2ag,oswaldojor
1978_tes,oswaldojor
lmsadvocacia,oswaldojor
grajasbar,oswaldojor
g_geraldooli,oswaldojor
g4brielmleal,oswaldojor
Israelpsantos,oswaldojor
NiziaLins,oswaldojor
Nesiafadnesia17,oswaldojor
Aclab14,oswaldojor
Cosme24973359,oswaldojor
SalgadoBrasil,oswaldojor
Fabrici25818832,oswaldojor
Mritam4,oswaldojor
AurystellaS,oswaldojor
Rodrigocanno1,oswaldojor
LTanzawa,oswaldojor
accarol99,oswaldojor
Freire06215368,oswaldojor
BOLSORING,oswaldojor
JADIRSANTANA1,oswaldojor
LHZTWITERCOM,oswaldojor
luluzinhapreci1,oswaldojor
FMachado1986,oswaldojor
JoaoPeter100,oswaldojor
elisonfurlan,oswaldojor
Pricilima,oswaldojor
APersonal10,oswaldojor
diariodeguerra_,oswaldojor
Sergio_Pereira_,oswaldojor
Marcos96260432,oswaldojor
MarizMarcella,oswaldojor
FlavihSouza,oswaldojor
Capeb_eduardo,oswaldojor
luidge2,oswaldojor
RitaSchonP,oswaldojor
brverdades,oswaldojor
AnaMari58288522,oswaldojor
bigwbrasil,oswaldojor
jijidey,oswaldojor
patriotatambem,oswaldojor
nanabr38,oswaldojor
IcaroTrevisan,oswaldojor
Ciabrasil7,oswaldojor
masumcanal,oswaldojor
jluqueiroz,oswaldojor
tanaresv,oswaldojor
torquato_w,oswaldojor
JooMarcosAraj17,oswaldojor
MariaElaineRam1,oswaldojor
claudia77459463,oswaldojor
eliasbretas,oswaldojor
juliolp,oswaldojor
Charlis__crf,oswaldojor
Rlsqra,oswaldojor
OProprioAlex,oswaldojor
ArobertoSa,oswaldojor
KlifeHappy1,oswaldojor
Nanndo_SP,oswaldojor
DeividWLP,oswaldojor
Daniv4,oswaldojor
macmachado57,oswaldojor
PauloMa84987149,oswaldojor
JosCarl31856423,oswaldojor
jorge_wam,oswaldojor
leandro_moikano,oswaldojor
elmobilliar,oswaldojor
JaniseMartins,oswaldojor
Eliel40841021,oswaldojor
mchinarelli,oswaldojor
ElvioLF,oswaldojor
Cristhiney86,oswaldojor
EdsonFa08204428,oswaldojor
MarianoPires5,oswaldojor
vinidelfrari,oswaldojor
Ruberlei15,oswaldojor
lucyarodrigues,oswaldojor
FlordeTarrus,oswaldojor
Ricardo39148568,oswaldojor
elehcim1316,oswaldojor
LuciaRehder,oswaldojor
niltoncarlos65,oswaldojor
TrsOito1,oswaldojor
antoniolima_20,oswaldojor
Jefterjs,oswaldojor
Betedna,oswaldojor
SIC_58_92,oswaldojor
olddireita,oswaldojor
MaraMai70647141,oswaldojor
JOSELUIZMELLO,oswaldojor
coronelsan_san,oswaldojor
38_Carla1P_38,oswaldojor
hlaranja,oswaldojor
Pamelajeferson1,oswaldojor
kessiasnts,oswaldojor
FellowsLeonor,oswaldojor
IdelianeV,oswaldojor
Wiltatu2,oswaldojor
Andromeda1114,oswaldojor
Marinal01151765,oswaldojor
wanessapersona1,oswaldojor
BernardinoRosy,oswaldojor
delecave_v,oswaldojor
DiHalleluja,oswaldojor
Marquinhosr,oswaldojor
AnaFerreira227,oswaldojor
oswaldojor,
