flaviocampos2,colunapatriota
OsmarAquinoOb,colunapatriota
JoaoScheibel,colunapatriota
RosaMar94595475,colunapatriota
DoRonivon,colunapatriota
iandersonmaia,colunapatriota
LuizFedrigo1,colunapatriota
gustavo_machuca,colunapatriota
Samuel_J_Silva,thomasqrz
DoriEdsonDaSil1,colunapatriota
americacapitao7,colunapatriota
f76e476a28bd476,colunapatriota
rgodoyjr,colunapatriota
Bezerrapqd1,colunapatriota
EdileusaMoreir4,colunapatriota
gusto_mor,colunapatriota
SalvajoliCassi1,colunapatriota
CxReajalute,colunapatriota
SergioBhMg1,colunapatriota
Gismga,colunapatriota
giovanifreitas1,colunapatriota
mc_carneiro,colunapatriota
marcelovelacb,colunapatriota
caromedy,colunapatriota
sil_dleite,colunapatriota
Solrac57921930,colunapatriota
RodrigoMarchi17,colunapatriota
eurobo20001,colunapatriota
MargarethBolso1,colunapatriota
Marcosde84,colunapatriota
bonnieximena,colunapatriota
MailsonBraga3,colunapatriota
Cesar63944030,colunapatriota
adrianabdcamara,colunapatriota
I_Gospel,colunapatriota
100_direita,colunapatriota
TartariDa,colunapatriota
Alexsan22643623,colunapatriota
abmsonia,colunapatriota
wbrenneisen,colunapatriota
LeoDeJudah1,colunapatriota
bianca_blenda,colunapatriota
SilvaEdvalter,colunapatriota
AlfSSMartins,colunapatriota
JOSCarl87229479,BrazilFight
VarejaoAndrea,colunapatriota
JosHenriqueRoc7,colunapatriota
Hosanah_EFJ,colunapatriota
Andrea34179648,colunapatriota
Moacyrodrigues,colunapatriota
eder_war,colunapatriota
Rosana_Reis0907,colunapatriota
Guilher63810878,colunapatriota
doutoralimon,colunapatriota
luizalb81725374,EmmanuelyMoraes
MbWander,colunapatriota
GhsTYiewmzxSrjQ,colunapatriota
AmigurumiNizze,colunapatriota
dialogolivre,
AdautoViccari,colunapatriota
elianeg1963,colunapatriota
ivomarcelino,BrazilFight
DhomnCRF,colunapatriota
Gilbert_gyba,colunapatriota
betobraga22,colunapatriota
Salomaoaraujo65,colunapatriota
masumcanal,colunapatriota
7938ba51ded8488,colunapatriota
luizflaviorocha,colunapatriota
makson_carlos,colunapatriota
FloraOliveira11,colunapatriota
IvanildoS5,colunapatriota
MB_Fernandes,colunapatriota
Geanesi16217562,colunapatriota
VniaCampos33,colunapatriota
klebsonmar,colunapatriota
Nanndo_SP,colunapatriota
symmonsbr,colunapatriota
Aldrinsantanna,colunapatriota
mrsouzar,colunapatriota
cury_sandra,colunapatriota
thadeusimoes,colunapatriota
Elizabe84964705,colunapatriota
FMagaldi1,colunapatriota
AdriDedex,colunapatriota
juli__silva,colunapatriota
sueversonsilva,colunapatriota
1981Kele,colunapatriota
AmosAlves3,colunapatriota
cledersonbucci,colunapatriota
osoldaliberdade,colunapatriota
WaldineeyO,colunapatriota
Zaldini,colunapatriota
diegoquiqueto,colunapatriota
wsaintmartin,colunapatriota
JADIRSANTANA1,colunapatriota
LilianPires19,colunapatriota
BrasilMito2022,colunapatriota
MarceloAOrtega,colunapatriota
appaulomenezes,colunapatriota
RafaelB87170281,colunapatriota
MiriamKlassM,colunapatriota
IntelignciaMxi1,colunapatriota
Betedna,colunapatriota
evertonn39,colunapatriota
DebSilv70481939,colunapatriota
Drmafra,colunapatriota
JLacowicz,colunapatriota
varjao_erick,colunapatriota
luizhbcosta,BrazilFight
PaganiBibi,EmmanuelyMoraes
TylzoLago,colunapatriota
wcontreiras,EmmanuelyMoraes
menez_roberto,BrazilFight
direitadonorte,colunapatriota
Paulogremista46,colunapatriota
EdesonJunior,colunapatriota
reynado_brasil,colunapatriota
Gregory61935764,colunapatriota
RogrioCaetanoB1,EmmanuelyMoraes
PatriciaLauand,colunapatriota
djalmadf,EmmanuelyMoraes
MarcPvh,colunapatriota
Mariada99230084,colunapatriota
HugoAlbmanta,colunapatriota
ValtencirFerre4,colunapatriota
vitoriasam01,colunapatriota
Paulo01440752,colunapatriota
IstauroElyades,colunapatriota
HumbertoAntun12,colunapatriota
CunhagoMoa,BrazilFight
luizalb81725374,colunapatriota
EmmanuelyMoraes,Data_Orbital
Patrici10581340,colunapatriota
nelson970726961,colunapatriota
graca004,colunapatriota
ReyOspina3,colunapatriota
rodrigohorus,colunapatriota
NuraHHusein1,colunapatriota
EliasSantos18,colunapatriota
crfamy_,colunapatriota
Jota44,colunapatriota
sergiochaves15,colunapatriota
Suiane13989687,colunapatriota
Gilson97177625,colunapatriota
Eli38BR,colunapatriota
fabiss1072,colunapatriota
ggcontente,colunapatriota
helenahs,colunapatriota
MLeal1972,colunapatriota
kai_sincero_,colunapatriota
Oliveir30001725,colunapatriota
vemviverfeliz,colunapatriota
AristidesRNeto,colunapatriota
JniorPires9,colunapatriota
Carlos62888036,colunapatriota
BrBolsonaro17,colunapatriota
celsorvianna,colunapatriota
JaoPenna,colunapatriota
gcorttes,colunapatriota
tonyyyss,colunapatriota
jdsbobmarley,colunapatriota
nazcavalcanti,colunapatriota
cleiton_d7,colunapatriota
MarciaB16982788,colunapatriota
Marcelospg29,colunapatriota
DiogoHSQ14,colunapatriota
myllediogenesb,colunapatriota
MontenegroCelio,colunapatriota
BugaiIsmael,MarciaR80021414
DKen79857614,colunapatriota
tpdepauli,colunapatriota
raquelandradeas,colunapatriota
AllanP_25,colunapatriota
BobbyCaozinho,colunapatriota
Wgner,colunapatriota
enf_acs,colunapatriota
GustavoADS,colunapatriota
SempreAparece,colunapatriota
NdiaFalco,colunapatriota
DeusAcimadeTo10,colunapatriota
colunapatriota,Data_Orbital
EdnaForesti,BrazilFight
getuliosantana,BrazilFight
Lopes_Patriota,BrazilFight
enf_acs,BrazilFight
Sezibio1,BrazilFight
vemviverfeliz,BrazilFight
Renathamaral,BrazilFight
BrasilPatriota8,BrazilFight
JLJuninho,BrazilFight
Ricardo15013311,BrazilFight
MichelNunes77,BrazilFight
NillMartin,BrazilFight
opressor_es,BrazilFight
dpalhares80,BrazilFight
ev5te9am,BrazilFight
MarcusMontene14,BrazilFight
ManoelFidelis1,BrazilFight
Rosngel98184333,FabioTalhari
RytaCastro,BrazilFight
paulohandrade77,FabioTalhari
paulohandrade77,BrazilFight
Chavao86046427,Orgulho38
elton196312,BrazilFight
sau_ivani,BrazilFight
patyspinely,Orgulho38
patyspinely,FabioTalhari
suzetesouza5,Orgulho38
WJO_SP,BrazilFight
WJO_SP,Orgulho38
Elcy48639336,Orgulho38
EdnaldoViama,leandroacastro
asdj_ma,Orgulho38
EdnaldoViama,Orgulho38
EdnaldoViama,BrazilFight
leasilviasp,BrazilFight
rafaelfig38,BrazilFight
JoaoJaques77,FabioTalhari
JoaoJaques77,Orgulho38
JoaoJaques77,BrazilFight
franciscovitti2,BrazilFight
sigaa_direita,Orgulho38
melissa81340894,Orgulho38
melissa81340894,BrazilFight
wesss13,BrazilFight
GIGOMESANDRADE,Orgulho38
LuizS45190481,Orgulho38
SammirSouza,Orgulho38
Rosangel_Rocha,Orgulho38
juli__silva,Orgulho38
JosyBolsonaro,Orgulho38
Sfwanderley,Orgulho38
FluIverson,BrazilFight
mandrake300,FabioTalhari
FlavihSouza,FabioTalhari
betobraga22,Orgulho38
aurora__9,Orgulho38
mandrake300,BrazilFight
VendasAlexandre,Orgulho38
MauroAlvesZL,Orgulho38
betobraga22,BrazilFight
MarcosVenezuel,FabioTalhari
HLascane,Orgulho38
diancarlos10,BrazilFight
CeliaLuz8,Orgulho38
Warwick49936468,BrazilFight
RonPitte,Orgulho38
Carlosrj20001,Orgulho38
Isaahhhhh,Orgulho38
Tricolorspfc00,FabioTalhari
Charlis__crf,BrazilFight
GalileuOpressor,BrazilFight
clau_perl,FabioTalhari
clau_perl,Orgulho38
clau_perl,BrazilFight
MosheFernando1,FabioTalhari
MosheFernando1,BrazilFight
monicadurantt,BrazilFight
Rogerio34212611,Orgulho38
leandroacastro,
CarlaSoaresdeC1,Orgulho38
ribeiro_yvonne,BrazilFight
fabiobnobrega,BrazilFight
jwmirisola,BrazilFight
HLascane,BrazilFight
CidllanF,BrazilFight
CalvoLuzia,Orgulho38
JosMariaMiran12,BrazilFight
veraehbrasil,Orgulho38
DenisEkonnomiza,BrazilFight
betofera001,BrazilFight
LofiegoSonia,FabioTalhari
masumcanal,BrazilFight
MARCUSV45180068,BrazilFight
Claudio95050897,BrazilFight
gusto_mor,BrazilFight
ResendeMattei,Orgulho38
ValdirLazarini,Orgulho38
Cinthiaperdiga4,FabioTalhari
josivaldo1955,BrazilFight
Joseapgil123,BrazilFight
Neile26692034,BrazilFight
Luciano50927941,BrazilFight
Geanesi16217562,BrazilFight
julianoBorgesM1,Orgulho38
tonyjhaa,BrazilFight
LucasJeha,Orgulho38
angelagindri43,FabioTalhari
PaixaoVirgilio,BrazilFight
Mary3884436620,FabioTalhari
edcar1811,Orgulho38
neusa_lazarini,Orgulho38
steceliac,Orgulho38
ichthus888,BrazilFight
Marcelo60468016,FabioTalhari
DarcyLemes,BrazilFight
RoquedaGina,Orgulho38
selmaver,Orgulho38
Orgulho38,Orgulho38
BritobritoJG,fatooufake
Orgulho38,
JazzminRosa,fatooufake
Bruno64893431,MonicaFig1970
M_Teixeira11,thomasqrz
ruth_milhe,BrazilFight
HumbertoAntun12,BrazilFight
Freire06215368,BrazilFight
RibeirodaAndre,BrazilFight
R4phaelcosta,BrazilFight
acarce74,BrazilFight
rafael_zagas,BrazilFight
MBressanim,BrazilFight
kellyyasmin38,BrazilFight
FlorDeL90387569,BrazilFight
Aline91471485,BrazilFight
andreanestesia,BrazilFight
veralizoliveira,BrazilFight
vander400,BrazilFight
RoniVilar,BrazilFight
Neci10083255,BrazilFight
Churchill_2020,BrazilFight
Douglas26301,BrazilFight
SantosWilmaG,BrazilFight
PatriotaHomer,BrazilFight
Sarah03727052,BrazilFight
lelacohen,BrazilFight
sheilal43605454,BrazilFight
AiubeAna,BrazilFight
julio021278,BrazilFight
jleites58,BrazilFight
Antonio37919991,BrazilFight
arthurgalhoes,BrazilFight
eduardo_marucci,BrazilFight
ElzinethO,BrazilFight
NatanaelBSAlme1,BrazilFight
Direitissima17,BrazilFight
Marquinhosr,BrazilFight
cwcmcz,BrazilFight
xandumalin,BrazilFight
Elias68181639,BrazilFight
Hevelyne11,BrazilFight
Carla2Danielli,BrazilFight
lrdm1976,BrazilFight
NevesKings,BrazilFight
JADIRSANTANA1,BrazilFight
marilea_menezes,BrazilFight
terezoica,BrazilFight
cutrao,BrazilFight
Alessandrourb15,BrazilFight
ProfJulio6,BrazilFight
LeoDeJudah1,BrazilFight
maupessoa,BrazilFight
IracemaDaCosta,BrazilFight
bardelao,BrazilFight
0_RobinSchmidt,BrazilFight
cagabriele1,BrazilFight
angelicaguirele,BrazilFight
CantalFabio,BrazilFight
regsou5743,BrazilFight
Lrasquilha,BrazilFight
carlagcc1967,BrazilFight
climrocha,BrazilFight
santoadeval,BrazilFight
LeiHigor,BrazilFight
Jandyvieira,BrazilFight
patygiani,BrazilFight
mariapombo0421,BrazilFight
RoseliRoseli4,BrazilFight
kenai_seguros,BrazilFight
BrazilFight,BrazilFight
sramiress,BrazilFight
JeffersondeACV1,BrazilFight
LucianeLazzarin,BrazilFight
GValeska,BrazilFight
BrunaAntures,BrazilFight
soulbrazuca,BrazilFight
OPOVO8,BrazilFight
helenas91507789,BrazilFight
rmexel,BrazilFight
Marcia40550587,BrazilFight
adrianaschmit13,BrazilFight
elperrocholo,BrazilFight
riquemf06,BrazilFight
luizflaviorocha,BrazilFight
Joao_Filho50,SandraC90905570
Jorgevilhena,BrazilFight
CristianoBMatos,BrazilFight
SandraC90905570,
ZeAlvaro38,BrazilFight
sergiochaves15,BrazilFight
kamekaze2999,BrazilFight
Oliveir30001725,BrazilFight
pedrodematosmo1,BrazilFight
ElzaGimenez47,BrazilFight
Renata86285002,BrazilFight
tuninhobrasil,BrazilFight
juli__silva,BrazilFight
DKen79857614,BrazilFight
Pimpolha67,BrazilFight
ToinCarlos4,BrazilFight
MarinezSasso,BrazilFight
MarcosA21210897,BrazilFight
hlfs07,BrazilFight
CaumontSimone,BrazilFight
Gr0115gabriel,BrazilFight
DiniCamargo,BrazilFight
izaquens1,BrazilFight
PaganiBibi,BrazilFight
ricardo_melloni,BrazilFight
dariocorrea108,BrazilFight
EtEtcastro,BrazilFight
Adri_Natividade,BrazilFight
Tiago2918,BrazilFight
Stapler_9641,BrazilFight
ganowicz_gan,BrazilFight
RIJUFEDRI,BrazilFight
SilBonoro,BrazilFight
BrazilFight,
eurdsc,FabioTalhari
BartokJb,thomasqrz
Andr20399566,thomasqrz
Andrey_Catatau,thomasqrz
thulioeng,thomasqrz
Rodrigo06177033,thomasqrz
leodolabella,thomasqrz
RicardoDSanto11,thomasqrz
zaninmoreira,thomasqrz
Betetatico,thomasqrz
PriorShow,thomasqrz
bolso_winner,thomasqrz
MilicianoReaca,thomasqrz
MagooMito,thomasqrz
SEMPREGALO4,thomasqrz
daniel66666472,thomasqrz
marcosocb2,thomasqrz
Alemellou,thomasqrz
mjsdf1,thomasqrz
VeraLciaGerman1,thomasqrz
UVichier,thomasqrz
AnaPaul62668239,thomasqrz
Nelsonrangelf1,FabioTalhari
elianeg1963,thomasqrz
Claudioffontess,thomasqrz
Lusca60531720,thomasqrz
Alex79terror,thomasqrz
rita_tavora,FabioTalhari
GhsTYiewmzxSrjQ,thomasqrz
LucianeLazzarin,thomasqrz
prs3000,FabioTalhari
florbrasil62,thomasqrz
OCapitalista3,thomasqrz
mirkapv,thomasqrz
VniaCampos33,professorigor
r_amadeu,thomasqrz
CunhagoMoa,thomasqrz
realthalesbecke,
Sandra_L_Mattos,thomasqrz
Sandrad30799789,thomasqrz
AGFabi,thomasqrz
varjao_erick,thomasqrz
L_Fighera,thomasqrz
stc_6G,thomasqrz
GustavoRichter_,thomasqrz
allummette,thomasqrz
sabrina25637521,thomasqrz
LSGOVERNADOR,thomasqrz
fabioiyda,thomasqrz
Dedefla,thomasqrz
NilKennedy38,thomasqrz
SergioA17380052,thomasqrz
Marc49machado,thomasqrz
ceruliansky1,thomasqrz
Fernand53371822,thomasqrz
Elcy48639336,thomasqrz
SeLiga87794966,thomasqrz
ganowicz_gan,thomasqrz
Mickey20Silva,thomasqrz
Chuto_o_balde,thomasqrz
millemoreira,thomasqrz
marciomarquer,thomasqrz
rodrigohorus,thomasqrz
sandravieira_,thomasqrz
ThomeThury,FabioTalhari
PylroRoberto,thomasqrz
TomLima777,thomasqrz
RaushanMansur,thomasqrz
VermillionGDO,thomasqrz
MarciaP_RJ,thomasqrz
Capeb_eduardo,thomasqrz
KeliVeronezi,thomasqrz
JosAntn47225351,thomasqrz
rodrigosilvaFWA,FabioTalhari
dayseviana2,thomasqrz
f_marques19,thomasqrz
Luciane93949815,thomasqrz
AlexMagno_AM,thomasqrz
alfs_77,thomasqrz
MRocha_20,thomasqrz
inacio_oli1,thomasqrz
SilvaMarcosrj,thomasqrz
milenereis,thomasqrz
B17Joao,thomasqrz
_Antonio_Fern_P,thomasqrz
angelagindri43,thomasqrz
dsbelchior,thomasqrz
PatyPatybatalha,thomasqrz
tswin02,thomasqrz
rkucerasulzbach,thomasqrz
cassiagontijo,thomasqrz
dbrandalize,thomasqrz
AlvesAmanda38,thomasqrz
JozeNetoZN,thomasqrz
MarcelaMataCos1,thomasqrz
RafaelMilhomem7,thomasqrz
Guigo1909,thomasqrz
masumcanal,thomasqrz
thomasqrz,
WallaBessa,FabioTalhari
61_leia,FabioTalhari
ermelinda_gomes,professorigor
Segunda93603170,FabioTalhari
moraisclaudioj,FabioTalhari
Fabio_Gongora,FabioTalhari
rmexel,FabioTalhari
MatheusSchmidt1,LeoniceMariana1
hcalvares,FabioTalhari
MagdaSims,FabioTalhari
JefersonAnjos10,FabioTalhari
EricaConde8,professorigor
eduardocezzar,FabioTalhari
jjmendonca39,FabioTalhari
PKemps1,FabioTalhari
g_geraldooli,FabioTalhari
LuizCludioCarv4,FabioTalhari
Josemar_Rodrigu,FabioTalhari
NilsonMMarques,FabioTalhari
DilzaHeredia,FabioTalhari
Luiza31788923,FabioTalhari
SPompermaier,FabioTalhari
AnryLima,FabioTalhari
Claudioffontess,FabioTalhari
MauroAlvesZL,FabioTalhari
jacomenes,FabioTalhari
HLascane,FabioTalhari
LuisCar13544202,FabioTalhari
edilandiamaria,FabioTalhari
abripi,FabioTalhari
IvyFelix5,FabioTalhari
vozinhadott,FabioTalhari
dick_guimaraes,FabioTalhari
TartariDa,FabioTalhari
MariaXimeness,FabioTalhari
BeneditoNoise,FabioTalhari
Yuta09211544,FabioTalhari
galhardo_souza,FabioTalhari
Bruno_SR_84,FabioTalhari
egbertorodrigu9,FabioTalhari
BeMessias,FabioTalhari
tjphilipe,FabioTalhari
michaelbraga8,FabioTalhari
Carlosg67293490,FabioTalhari
jaqqdia,FabioTalhari
eurobo20001,FabioTalhari
JosMarcelodoNa3,FabioTalhari
AntunesEllison,FabioTalhari
bolsomoroeneas,FabioTalhari
LeloCamargo1,FabioTalhari
Moacyrodrigues,FabioTalhari
ferrazufrn,FabioTalhari
osoldaliberdade,FabioTalhari
RobbyBaldini,FabioTalhari
felipe_macedo_S,FabioTalhari
CelsoRock1,professorigor
joaofernandesf1,
Lucchesy,FabioTalhari
MarceloQPBessa,FabioTalhari
antpetista,FabioTalhari
Reblock15,FabioTalhari
MaraMarco10,FabioTalhari
RoneiMartins4,FabioTalhari
fitzca,FabioTalhari
Maria85261273,FabioTalhari
deuzemaroliveir,FabioTalhari
AthaydeAleida,FabioTalhari
LFAsegs,FabioTalhari
marcoportes6,FabioTalhari
Capuz99,FabioTalhari
Claudiopesse1,FabioTalhari
lelacohen,FabioTalhari
josivaldo1955,FabioTalhari
Hugo69450259,FabioTalhari
ItsMeHelenaM,FabioTalhari
ReginaLucena,FabioTalhari
EzimarPantoja,professorigor
Marcos96260432,FabioTalhari
LucianoVianaMu2,FabioTalhari
Silvana28873591,FabioTalhari
Sefuga1,FabioTalhari
ChavesNeyla,FabioTalhari
koidee5,FabioTalhari
RoseMarcondes12,professorigor
Peruchi19,FabioTalhari
SheylaPereirad3,FabioTalhari
cassiagontijo,FabioTalhari
bcbm15,FabioTalhari
Neile26692034,FabioTalhari
printabr,FabioTalhari
jeffermanjj,FabioTalhari
Alessan68421711,FabioTalhari
LandoSena74,FabioTalhari
BomPreso,FabioTalhari
2Cuscos,FabioTalhari
Dracomaluco,FabioTalhari
danielFairen,FabioTalhari
suboesterio,FabioTalhari
LuciaUSP,FabioTalhari
Lsampaio51,FabioTalhari
LucianodeAraj15,FabioTalhari
AguinaldoPetrin,FabioTalhari
Nelsonfsilva1,FabioTalhari
TheTrue0832,FabioTalhari
CantalFabio,FabioTalhari
Carlos36363400,FabioTalhari
DeiaIuliano,professorigor
Adriano34071239,FabioTalhari
Alan84513749,FabioTalhari
OtvioBondavall1,FabioTalhari
Eloyoga,FabioTalhari
nadiateixeiraa1,FabioTalhari
KnigthEverton,FabioTalhari
IsmeniaFranco,FabioTalhari
MarcosAleixo19,FabioTalhari
anaritasantana7,FabioTalhari
madrilenha,FabioTalhari
LuizS45190481,FabioTalhari
Mr_TeddyBR,FabioTalhari
belabeluut,FabioTalhari
Andreia92447712,professorigor
terezoica,professorigor
rafaelp_s1,professorigor
AlfanoEliane,FabioTalhari
Carlosdireita1,FabioTalhari
Regina23Almeida,FabioTalhari
rettiwt009,FabioTalhari
mbethrg,FabioTalhari
mariadiogenesbe,FabioTalhari
DeCossich,FabioTalhari
Fleal01S,FabioTalhari
MariaElaineRam1,FabioTalhari
Tania69186209,FabioTalhari
Lelecaa3,FabioTalhari
HOMEMDOHACCP,FabioTalhari
terezoica,FabioTalhari
Exterminador_38,professorigor
marcosocb2,FabioTalhari
Gregory61935764,professorigor
lanonvanderley,FabioTalhari
BidoneEduardo,FabioTalhari
CMurilo2016,professorigor
5zt1nm6mMokyh99,FabioTalhari
CirlenePonce,FabioTalhari
JorgeLu05493310,FabioTalhari
jorgerolla,FabioTalhari
Daniel98951737,FabioTalhari
JamesSantanaAM,jandira_feghali
BrasilMonarqui1,FabioTalhari
ArturBr04893148,professorigor
FsabaCarvalho,FabioTalhari
CrisAlvesAmaral,professorigor
betobraga22,FabioTalhari
RosenunesM,FabioTalhari
ale_bonini,FabioTalhari
BercaOdete,FabioTalhari
FFrancoMNeto,FabioTalhari
LourdesMaraRib1,FabioTalhari
MarceloAOrtega,FabioTalhari
Nelson_Harter,FabioTalhari
franklinonerb,FabioTalhari
wesss13,professorigor
Jorge01527699,FabioTalhari
max_s_schmidt,FabioTalhari
Sogrommg,FabioTalhari
BragaCalcagno,FabioTalhari
marciopereira07,FabioTalhari
DenisEkonnomiza,FabioTalhari
aurora__9,FabioTalhari
alga010,FabioTalhari
DesesquerdemSe,FabioTalhari
rgodoyjr,FabioTalhari
maxadojrflp,FabioTalhari
PRFSANTOS1957,FabioTalhari
Assemblador,professorigor
Muc58,professorigor
AnaReginaAlves9,FabioTalhari
Mluizadentzien,FabioTalhari
RosanaSilvino,FabioTalhari
AnaSilviaBotti1,FabioTalhari
RosiclerCantar1,FabioTalhari
izaquens1,FabioTalhari
helenamaria2012,FabioTalhari
lisaugustalima,FabioTalhari
josediegors,FabioTalhari
AlinePr17,FabioTalhari
Alexsan73949058,FabioTalhari
JosAntn32183309,FabioTalhari
junqueira2018,FabioTalhari
sibranco1971,FabioTalhari
TomLima777,FabioTalhari
leitao_airton,FabioTalhari
FranciscoACruz,FabioTalhari
New_Delia,FabioTalhari
wagnerparron,professorigor
IrisFalencar,FabioTalhari
LuizC75384991,FabioTalhari
Eliel40841021,FabioTalhari
JanicedeMeloVi1,FabioTalhari
ReinaldoCosta53,FabioTalhari
FBS_Leila01,FabioTalhari
claudia67442463,FabioTalhari
MarcoEduardoda3,professorigor
HumbertoReisJr,FabioTalhari
MrioMrio2,FabioTalhari
maximusdovalle,FabioTalhari
ManoelFidelis1,FabioTalhari
adriana_helo,FabioTalhari
RafaelMilhomem7,FabioTalhari
CxReajalute,FabioTalhari
ValescadeAndra1,FabioTalhari
RenataMotta2210,FabioTalhari
Alessan12225995,FabioTalhari
acassio_carlos,FabioTalhari
JRVOJ1,FabioTalhari
pcomachio,FabioTalhari
JoseQuatro2,FabioTalhari
Truelie66146488,FabioTalhari
MarliCastanho,FabioTalhari
DianaSolti,FabioTalhari
leodolabella,FabioTalhari
tsartbot,FabioTalhari
adriana_foltran,professorigor
Marjo59966564,FabioTalhari
welling11799444,FabioTalhari
MarcuseJe,FabioTalhari
xxRodrigoLimaxx,FabioTalhari
Rose23077418,FabioTalhari
euincognita,FabioTalhari
luciola_raeder,FabioTalhari
DelmiraMathias,FabioTalhari
tribunaltamces,FabioTalhari
CarlosJ87558455,FabioTalhari
vianadepinho,FabioTalhari
joaoeudes2020,FabioTalhari
roupasdesaojor1,FabioTalhari
wilsonkoga,FabioTalhari
Mafri54792784,FabioTalhari
LucM43,FabioTalhari
Jhonpenabranca,FabioTalhari
rspeternum,FabioTalhari
RSaurim,FabioTalhari
RuiOsorio_,FabioTalhari
Debbaranowski,professorigor
EdemilsonLima,FabioTalhari
zezildo,FabioTalhari
VeraBolsonaroda,FabioTalhari
ErismarPV,FabioTalhari
adrianalbcastro,FabioTalhari
vemviverfeliz,FabioTalhari
ALopes150880,FabioTalhari
CiciLins77,professorigor
ito_v2,FabioTalhari
Carmendocearte,professorigor
MelloLeli,FabioTalhari
Karimsiebeneic1,FabioTalhari
Joanita26845211,FabioTalhari
Direitudo1,FabioTalhari
Pimpolha67,FabioTalhari
elioenaichagas,FabioTalhari
CarlosD85741935,FabioTalhari
SesLuiz,FabioTalhari
elisangelacali2,FabioTalhari
AnaRosadeSouz15,FabioTalhari
FLAVIOFBARBOSA1,FabioTalhari
kaleovilar,FabioTalhari
Marcos_mp7,FabioTalhari
Adri_Natividade,FabioTalhari
LuciaSantos77,FabioTalhari
etcastros,FabioTalhari
neusa_lazarini,FabioTalhari
Pretinga1,FabioTalhari
Wellington1961,FabioTalhari
CoutoMaristela,FabioTalhari
ICaravieri,FabioTalhari
mvmpiccoli,FabioTalhari
Marcelo_MC_18,FabioTalhari
thiagonvianaa,FabioTalhari
Victorkazoo,FabioTalhari
PraCrisCorreia,FabioTalhari
kaiochagas,FabioTalhari
FrancinaldoMed1,FabioTalhari
jotaEMEtg,FabioTalhari
PatriciaRSBR,FabioTalhari
rovicentini,FabioTalhari
GomesMeyrelles,FabioTalhari
FlavioFlaromart,FabioTalhari
edbone_santos,FabioTalhari
helenas91507789,FabioTalhari
VniaCampos33,FabioTalhari
carlagcc1967,FabioTalhari
Ronaldo39163112,FabioTalhari
danielvandrezen,FabioTalhari
EDELY57893610,FabioTalhari
Maristelagsal,FabioTalhari
Antonsilv1,FabioTalhari
AdilsonDeLucen1,FabioTalhari
Merciabh09,FabioTalhari
ClaudiaViking3,FabioTalhari
lucyprata2011,FabioTalhari
PauloCs52305609,FabioTalhari
CristhinneDe,FabioTalhari
denildo_neves,FabioTalhari
MarcsVeiga,FabioTalhari
crm57123,FabioTalhari
Paul41966573,FabioTalhari
IuriMilder,FabioTalhari
jehanporto,FabioTalhari
NiltonPinheir,FabioTalhari
seteeng,professorigor
Rafael_Costa38,FabioTalhari
GwgMinas,FabioTalhari
mjmacul_lima,FabioTalhari
Conservadora191,FabioTalhari
Jambock67,FabioTalhari
doralbk,FabioTalhari
ricardojgomes,FabioTalhari
torrentsquentes,FabioTalhari
NinaEstevez,FabioTalhari
CellyCeleste1,FabioTalhari
tpdepauli,FabioTalhari
rhoberval12,FabioTalhari
KtiaLunas,FabioTalhari
Carla44886931,FabioTalhari
bastosmannu,professorigor
leandrodlopes,FabioTalhari
NormaBu76411894,FabioTalhari
dnsemello,FabioTalhari
CristaoDa,FabioTalhari
sergiomotaflu,FabioTalhari
elispatriota,FabioTalhari
DankeLorenz,FabioTalhari
americacapitao7,FabioTalhari
LoneStar1910,FabioTalhari
TitoTitito77,FabioTalhari
MartaRabelloSa1,FabioTalhari
48Marianah,FabioTalhari
magda_camar,professorigor
GilsonSantosli8,FabioTalhari
Hedilbe49136857,FabioTalhari
chnavy,FabioTalhari
ErivalSouza,FabioTalhari
FredericoFDias2,FabioTalhari
WanderPenna,FabioTalhari
scodro,professorigor
DayseCarvalho9,FabioTalhari
JaquesLorenge,FabioTalhari
AliDino82,FabioTalhari
ValderiCosta,FabioTalhari
rtavaresmorais,FabioTalhari
mephistopandora,FabioTalhari
maurocomercial,FabioTalhari
TuLancellotti,professorigor
Bezerrapqd1,FabioTalhari
wcontreiras,FabioTalhari
dorissrosa,FabioTalhari
opiniaoconsc,FabioTalhari
Amarelo_Gohan,FabioTalhari
Jairczf10,FabioTalhari
pedrosebasti,FabioTalhari
AnaPedros2308,FabioTalhari
rubentransporte,FabioTalhari
Fernand17490420,FabioTalhari
AppelLuciano,FabioTalhari
mrsouzar,FabioTalhari
GuilhermeEKossa,FabioTalhari
_marilda,FabioTalhari
r_direita,FabioTalhari
LigeiroSergio,FabioTalhari
Docilda1,FabioTalhari
BRASILinSHOCK,FabioTalhari
MarcusMontene14,FabioTalhari
charles_higgo,FabioTalhari
fera2k,FabioTalhari
Elcy48639336,FabioTalhari
monicargalves,professorigor
AlanaOstemberg,professorigor
ESA_B38,FabioTalhari
PAULONETO231267,FabioTalhari
RitaCamposSouza,HassanSouki
sannguta,FabioTalhari
Welling34958233,FabioTalhari
HermannCzperiz,FabioTalhari
JussaraGama3,FabioTalhari
aruthcao,FabioTalhari
doga5021,FabioTalhari
WendelSodr4,FabioTalhari
CidadaoPatriot,FabioTalhari
somerlux,FabioTalhari
paulomceo,FabioTalhari
herculanofagu,FabioTalhari
celsojose54,FabioTalhari
Assemblador,FabioTalhari
Dris16375387,FabioTalhari
SabeNDAInnocent,FabioTalhari
Anderson2512,FabioTalhari
cadubernini12,FabioTalhari
Marc49machado,FabioTalhari
rerojass,FabioTalhari
PatriotaMetropo,FabioTalhari
seteeng,FabioTalhari
Nesiafadnesia17,FabioTalhari
jcbatistabr,FabioTalhari
SandroToledoPR,FabioTalhari
Andreia_Silva9,FabioTalhari
LuaDominante38,professorigor
luizriba,FabioTalhari
Drancosta,FabioTalhari
RicMLeardini,FabioTalhari
NuraHHusein1,FabioTalhari
ednaldo53383712,FabioTalhari
DeividWLP,FabioTalhari
Malu99,FabioTalhari
Direitissima17,FabioTalhari
MarciaMenegas,FabioTalhari
RenatoIHC2,FabioTalhari
clagelages,FabioTalhari
FernandoPazio,FabioTalhari
Agnaldo36586320,FabioTalhari
albertoargentin,FabioTalhari
DivaNascim,FabioTalhari
Valdenicio37,FabioTalhari
ClaudinaNegrei3,professorigor
jacquelinetapi8,FabioTalhari
FrizzoKimus,FabioTalhari
Muc58,FabioTalhari
fabiosmrj,FabioTalhari
jlgoncalez,FabioTalhari
PS_K3LLY,FabioTalhari
SarahSa31843616,FabioTalhari
mafelicite,FabioTalhari
fidesgratia,FabioTalhari
belrossi4,FabioTalhari
Dinda92099109,FabioTalhari
ElianaLara02,FabioTalhari
Irivanfer,FabioTalhari
alissonpantuza,FabioTalhari
CantidioSergio,FabioTalhari
Ezequiasns,FabioTalhari
gcorttes,FabioTalhari
ltannus,FabioTalhari
Gilbert26111561,FabioTalhari
ticlnunes,FabioTalhari
erikazinhauau,FabioTalhari
Autroming,FabioTalhari
OsiasSesan,FabioTalhari
ondejaciviu,FabioTalhari
verdeamarelou,FabioTalhari
Cado_960,FabioTalhari
FabioIng,FabioTalhari
RosanaMarisa2,FabioTalhari
DRIO74998412,FabioTalhari
daluvargas,FabioTalhari
brenyricardo,FabioTalhari
5151Vaval,FabioTalhari
Peruzo,FabioTalhari
clovis_39,FabioTalhari
ArleanAndrei,FabioTalhari
KatiaJB2026,FabioTalhari
eduardogratioli,FabioTalhari
Kanibal2018,FabioTalhari
pattereza,FabioTalhari
axelnogueira,FabioTalhari
Mut4tisMutandis,FabioTalhari
arreguy_luiz,FabioTalhari
T_REX77,FabioTalhari
EUV_1811,FabioTalhari
HollandaAugusto,FabioTalhari
carvalhojf09,FabioTalhari
Antonio99052750,FabioTalhari
isasan53,FabioTalhari
thehoneybadgerD,FabioTalhari
paulod42,FabioTalhari
zegon70,FabioTalhari
MoniccaNovak,FabioTalhari
AdemarAguiar3,FabioTalhari
bonnieximena,FabioTalhari
Rosiane20021290,FabioTalhari
Re__SK_,FabioTalhari
Gr0115gabriel,FabioTalhari
DKen79857614,FabioTalhari
ElsonLoula,FabioTalhari
AdilsonPrates8,FabioTalhari
adv_luizgustavo,FabioTalhari
apocalipse1200,FabioTalhari
Marques20IvoMax,FabioTalhari
pauloalmerio,FabioTalhari
Fabi65207143,FabioTalhari
CelsoTenorio4,FabioTalhari
vitorkwk,FabioTalhari
c_manzoli,FabioTalhari
DaniloJA2001,FabioTalhari
gusto_mor,FabioTalhari
philipe2802,FabioTalhari
MombergRegina,FabioTalhari
MauroAndre_,FabioTalhari
LeiaRachor,FabioTalhari
tadeu_jardim,FabioTalhari
ValdirLazarini,FabioTalhari
AndradeGoias,FabioTalhari
MarcioAlvesPai1,FabioTalhari
galga61,FabioTalhari
sergiopiraque,FabioTalhari
Ricardo89590421,FabioTalhari
_Diego_Guedes,FabioTalhari
diegoquiqueto,FabioTalhari
moreirafabio643,FabioTalhari
VelhoJUVE1,FabioTalhari
icobf_ricardo,FabioTalhari
RaquelSant38,FabioTalhari
DiegodeQueirozR,FabioTalhari
Marciomac21,FabioTalhari
Gilcoleman,FabioTalhari
adriana_foltran,FabioTalhari
Omnipangolin,FabioTalhari
AlmydaRegina,FabioTalhari
CristianoR2311,FabioTalhari
mdbgrava,FabioTalhari
JAIR38PRES2022,FabioTalhari
nandalo0109,FabioTalhari
iandersonmaia,FabioTalhari
DouglassNascime,FabioTalhari
Ruybr,FabioTalhari
AlexTrezAs,FabioTalhari
jotajcmmorais,FabioTalhari
JlioCsa02370805,FabioTalhari
Brasil00063864,FabioTalhari
PradoOseias,FabioTalhari
ULYSSESREZENDE,FabioTalhari
wns782,FabioTalhari
AiubeAna,FabioTalhari
Angeli20756515,FabioTalhari
P4A2T4Y2,FabioTalhari
MarcosX86127534,FabioTalhari
Hidalgo182,FabioTalhari
AC_Moreiraa,FabioTalhari
Celso_Branicio,FabioTalhari
Gersonfersfilho,FabioTalhari
eneidaluciacar1,FabioTalhari
Easyoil_Br,FabioTalhari
Roberto34914681,FabioTalhari
spraengel,FabioTalhari
Rosadeacucar,FabioTalhari
jcsnGuarulhos,FabioTalhari
julyanamoraess,professorigor
alex_avel,FabioTalhari
AmigurumiNizze,FabioTalhari
Aline_lfa,FabioTalhari
Luciano94703692,FabioTalhari
edureismaxx,FabioTalhari
Jorge57849149,FabioTalhari
HeydeDa,FabioTalhari
marcefrantz,FabioTalhari
raquelf83878815,FabioTalhari
EFertmane,FabioTalhari
SeLiga87794966,FabioTalhari
Luiz_H_Carvalho,FabioTalhari
tinellizu,FabioTalhari
BeatrizMendonc2,FabioTalhari
Carmadelio,FabioTalhari
angelicaguirele,FabioTalhari
Rodrigocosta220,FabioTalhari
marcosdgb1,FabioTalhari
DeusAcimadeTo10,FabioTalhari
kenai_seguros,FabioTalhari
joule_penna,FabioTalhari
flavia1ag,FabioTalhari
g_garc2,FabioTalhari
MarinilseO,FabioTalhari
pires_vanderlei,FabioTalhari
luciliah,FabioTalhari
ricardompeixto,FabioTalhari
LidiWRE,FabioTalhari
LeiHigor,FabioTalhari
AlexandreNetoPE,FabioTalhari
1sthamiltonom,FabioTalhari
CorreaMapper,FabioTalhari
MARCOPOLOTOTTI,FabioTalhari
DayseBarela,FabioTalhari
aline_murgia,FabioTalhari
AdrianoFiguer,FabioTalhari
GabrielLIVEx,FabioTalhari
N2Nme,FabioTalhari
Bernardes81,FabioTalhari
ZazaS_,FabioTalhari
BiancaCrisRossi,FabioTalhari
NorivalAugusto,FabioTalhari
Lude7L,FabioTalhari
DrSamuelGarcia1,FabioTalhari
taniamenezes83,FabioTalhari
roseli42089554,FabioTalhari
RoneBS300S,FabioTalhari
MariadoCarmovi5,FabioTalhari
klingermarcosd9,FabioTalhari
Paulovicbar,FabioTalhari
Foxfernanda12,FabioTalhari
Wandercley50,FabioTalhari
Bolsomi62746435,FabioTalhari
lizedomar,FabioTalhari
pedronetobarras,FabioTalhari
Ma45Simone,FabioTalhari
Roctbas,FabioTalhari
EvandroQGjunior,FabioTalhari
coloradomesmo,FabioTalhari
saraiva_emanoel,FabioTalhari
Odracimartinsc1,FabioTalhari
RubboZoraide,FabioTalhari
gouveia_kita,FabioTalhari
paulorusso75,FabioTalhari
decioperinsep,FabioTalhari
AnaPere43116126,FabioTalhari
taurinaleal,FabioTalhari
RIJUFEDRI,FabioTalhari
PsXetra,FabioTalhari
AdmirCBomfim,FabioTalhari
Wander_Gomes_64,FabioTalhari
KeliVeronezi,FabioTalhari
_ZuleikaBrand_,FabioTalhari
tr_taciana,FabioTalhari
ivanilsonpmota,FabioTalhari
claudia04213250,FabioTalhari
mirkapv,FabioTalhari
maurobueno65,FabioTalhari
republicanajc,FabioTalhari
061005iza,FabioTalhari
BrasilMito2022,FabioTalhari
MrciaR6,FabioTalhari
MsJacobsen,FabioTalhari
vanemartinelli,FabioTalhari
Leo38direita,FabioTalhari
TitoLourenco,FabioTalhari
Marizematch,FabioTalhari
AndreGomesNat,FabioTalhari
AnaCarolinBa,FabioTalhari
GustavoRichter_,FabioTalhari
MarciaZanellaB,FabioTalhari
roberioleandro,FabioTalhari
MarcosB00324786,FabioTalhari
EstelaEuMesmaSC,FabioTalhari
CampeloNilton,FabioTalhari
carlosasilverio,FabioTalhari
montandonet,FabioTalhari
DuardaumTv,FabioTalhari
IiiSchumann,FabioTalhari
ThanyaMotta,FabioTalhari
LucianneDalsec1,FabioTalhari
Patygrii,FabioTalhari
ademirduartebar,FabioTalhari
EvandroBandei10,FabioTalhari
ROSALVOSANTOS1,FabioTalhari
KlesiaPimentel,FabioTalhari
AlexMen55944993,FabioTalhari
PatriotaHomer,FabioTalhari
vanrenaultpsi,FabioTalhari
GuaBR,FabioTalhari
ABCD61676863,FabioTalhari
GrillNandus,FabioTalhari
VlogdoLisboa,FabioTalhari
GeovaniGSo,FabioTalhari
PadraoAlexandre,FabioTalhari
Turandot2020,FabioTalhari
SidneiRudolf,FabioTalhari
Aniston86911941,FabioTalhari
wvarelasouza,FabioTalhari
cesinhamec,FabioTalhari
rosange06227716,FabioTalhari
alxpqno,professorigor
janesmaciel1,FabioTalhari
FabioTalhari,
Vitria87754750,professorigor
HatakeK21044650,professorigor
Alessan12225995,professorigor
SandraFurtadoD1,professorigor
bluiz2010,professorigor
ContribuinteD,professorigor
brasil_ero,professorigor
deninna,professorigor
francoal10,
HassanSouki,professorigor
JoaoJaques77,professorigor
SayuNerd,professorigor
LuciaAzeCae,professorigor
lisaugustalima,professorigor
rdisant,professorigor
DriicaaMR,juliovschneider
Rafael36886891,professorigor
rosisansao,professorigor
felipe1982_olv,professorigor
scibilac123,professorigor
imtathy,professorigor
Marcio_jfsp,professorigor
madrilenha,professorigor
koidee5,professorigor
Fabricialima02,professorigor
fkleinbley,professorigor
pedrossn01,professorigor
Lourdes49838843,professorigor
FredericoFDias2,professorigor
CesarRepublica,professorigor
PurcinoMary,professorigor
santoadeval,professorigor
MarcosB00324786,professorigor
DKen79857614,professorigor
Salomaoaraujo65,professorigor
CywiakRiva,professorigor
MariseSilvia,professorigor
MarciaSerrano17,professorigor
migueInunes,professorigor
SEMPREGALO4,professorigor
ocfernandes,professorigor
ServioTul10,professorigor
Henry18Lima,professorigor
Wmarcelino78,professorigor
JeanRodrigues,professorigor
Carlos_E_Braga,professorigor
du_reiter,professorigor
BordinVania,professorigor
Fran38Gabriel,professorigor
Critica_marcia,professorigor
Dimas70476533,professorigor
DoceAVEMARIA,professorigor
JoaoOli44430789,professorigor
AdvRute,professorigor
mjcarvalhop,professorigor
KotiVinicius,professorigor
Herval68461744,professorigor
blogdojota,professorigor
SidneiDornelles,professorigor
DiogoChinna,professorigor
DalilaOliveiraR,professorigor
herculanofagu,professorigor
DireitAAtentA,professorigor
Victor7LeMans,professorigor
professorigor,
isabel_sciascia,juliovschneider
adilson_online,juliovschneider
lacyleadavid,juliovschneider
fd2011_1,juliovschneider
robsonsodre10,professorigor
tarouco_liane,juliovschneider
Ordemprogresso7,juliovschneider
WaldemirodaSil4,juliovschneider
anagaudahotmai1,juliovschneider
CidaInacio3,juliovschneider
TerezaCris59,Viittii
MarcioRandow,juliovschneider
Regina23Almeida,
marlene_preuss,juliovschneider
DanieldeSales24,FlaviaMSoares1
Sue3RN,Viittii
VeraLciaTeixei7,juliovschneider
CiriloArthur1,juliovschneider
RosenunesM,juliovschneider
DeividWLP,juliovschneider
cleberf_2017,juliovschneider
PatriciaRSBR,juliovschneider
VniaCampos33,juliovschneider
wilmenbr,juliovschneider
64by5120210,juliovschneider
liacrespo,juliovschneider
jorgealen,juliovschneider
cleberdamassa,Viittii
leti_ana,juliovschneider
andre_pessoa,juliovschneider
MarcPvh,juliovschneider
Viittii,CNNBrasil
LucianneDalsec1,juliovschneider
Elcy48639336,juliovschneider
kellyyasmin38,juliovschneider
IsmeniaFranco,juliovschneider
Bilinha57631764,professorigor
DoloresGuedes1,juliovschneider
elisang200374,professorigor
vantbg88,juliovschneider
DeiaPimentinha1,juliovschneider
paulorcviana,juliovschneider
Elcio39464892,juliovschneider
SilviaFilippo1,juliovschneider
Aluiziolopes2,juliovschneider
jwmirisola,juliovschneider
Maryna13882318,juliovschneider
DonaVida_,juliovschneider
MarciaM51348686,juliovschneider
Muc58,juliovschneider
PedroErDias,juliovschneider
Gratorquato78,juliovschneider
marcosocb2,juliovschneider
izaquens1,juliovschneider
ricardofig74,juliovschneider
Sue3RN,juliovschneider
jurandirsas,juliovschneider
tadeu_jardim,juliovschneider
zoranmariaa,juliovschneider
KropfBard,juliovschneider
JubVasconcelos,juliovschneider
lialuiz,juliovschneider
Suseruiz1,juliovschneider
SERGIOSAJU1,juliovschneider
Jose60044753,juliovschneider
TniaRib1,juliovschneider
carlapattermake,juliovschneider
NetinMc,juliovschneider
PaulodoAmaralC1,juliovschneider
celosm76,juliovschneider
Gilson97177625,juliovschneider
felipe1982_olv,
jorge_wam,juliovschneider
MonicaFig1970,juliovschneider
soraiab23,juliovschneider
Lilian_R268,juliovschneider
BrasilPatriota8,juliovschneider
o_carlosreal,juliovschneider
juliovschneider,
SeriesHDProduct,MauroSe22118972
tcsnts,professorigor
NeoChrist01,professorigor
angelabesteves,professorigor
AndrCGalvez1,professorigor
rag60999828,professorigor
OnCorretor,professorigor
krikamlins,professorigor
BartolSEP,professorigor
JDIASANETO,professorigor
fernandor159,professorigor
CarlaSoaresdeC1,professorigor
AdricaeFamily,professorigor
SERGIOSAJU1,professorigor
mbarracastro,professorigor
IvanSilvaNavi,professorigor
ofilosofante,professorigor
DanielaNery13,professorigor
Charll81,professorigor
SempreVitorioso,professorigor
gisellebrittobh,JornalOGlobo
Antonio91152382,professorigor
lucyarodrigues,professorigor
MurrSabino,professorigor
Claudia80094447,professorigor
Indignado72,JornalOGlobo
seteeng,professorigor
FGhavifekr,professorigor
andreaeumais,professorigor
Filipep15,JornalOGlobo
Cludia83802707,silsil123
silsil123,
LuaDominante38,professorigor
ArturDiogenes,professorigor
Velasco85386342,professorigor
susin_l,professorigor
OObserv89282216,professorigor
lisaugustalima,professorigor
AnaLima191287,JornalOGlobo
ElaineAmaro16,professorigor
PaulAda34726563,professorigor
rafaelc_oficial,professorigor
jamileamine,JornalOGlobo
AbnerAlvesFranc,professorigor
Alessan12225995,professorigor
acfelizzola,professorigor
Fe2Forca,professorigor
renatao1049,professorigor
gutgot,professorigor
iedaz,professorigor
carla_mayrink,professorigor
GabrielCS4599,professorigor
suetham95,professorigor
leandrocomym,professorigor
Gianamonteggia,professorigor
rafaelp_s1,professorigor
todylopes,JornalOGlobo
ValterR98681004,professorigor
AnyLafuent,professorigor
Luizin_diaas,EleicoesEUA
cesp2602,professorigor
ElzinethO,professorigor
SammirSouza,professorigor
magda_camar,professorigor
medodeser,JornalOGlobo
lvl157,professorigor
ivan_mazzari,professorigor
saharabrasil,professorigor
AnaElviraOlivei,professorigor
ASalton,professorigor
AngelaMGonalve1,professorigor
tamiecristie,professorigor
Eduardo36363502,professorigor
SidneiRudolf,professorigor
limonta_ma,professorigor
toxicasouth,JornalOGlobo
LeiHigor,professorigor
DayseBarela,professorigor
Luiz_F_Z,professorigor
LuizFel51221077,professorigor
Assuno65543547,professorigor
9rk73559,professorigor
izabelfeitosa,professorigor
rosalgouveia,professorigor
MbWander,professorigor
Carla_Margarete,professorigor
pierrebomfim,professorigor
dariocorrea108,professorigor
monicadurantt,professorigor
leotizzo,professorigor
Cris_Ribas,professorigor
NadedjaM,professorigor
EleandroFarias,professorigor
EduardoSonda21,JornalOGlobo
Critica_marcia,professorigor
Behtwo,professorigor
FabiolaMathiasT,professorigor
flvrbs,professorigor
Rafael36886891,professorigor
natanvsouza,professorigor
EzimarPantoja,professorigor
Mracustodio,professorigor
CaioLuisRibas1,professorigor
DiegoMandarino,JornalOGlobo
oswaldohosszu,professorigor
zonariflavia,professorigor
LuciaAzeCae,professorigor
costa_judy,professorigor
BrasilVerdeAma5,professorigor
norisregina,professorigor
JorgeTK9,professorigor
block30601,JornalOGlobo
CarlosABeyer1,professorigor
LiaSales16,professorigor
betobraga22,professorigor
LizzyeChristy,professorigor
Vitoria50901012,professorigor
bielmeszi_,professorigor
TicoETeco18,professorigor
tauhreis1,professorigor
DaDomenech,professorigor
Joviano,professorigor
Ana26671106,professorigor
patrici82625638,professorigor
ServioTul10,professorigor
keltonkirtan,professorigor
HerickNAlves,professorigor
odair_fabricia,professorigor
EdnaForesti,professorigor
Deuma7,professorigor
thnkulmj,EleicoesEUA
gerametanoia,professorigor
ElwisAlencar,professorigor
ManitiF,professorigor
Deyse89631268,professorigor
CarlosL38741447,professorigor
ElizabethMaiade,professorigor
Erikaaz14956054,professorigor
amandalluzz,professorigor
helioborges,professorigor
RoniBr3,professorigor
MARCOPOLOTOTTI,professorigor
IndignoBrasil,professorigor
sarajmbezerra,professorigor
izaquens1,professorigor
IvyFelix5,professorigor
elainereislopes,professorigor
f_ladjane,professorigor
claudio_machado,professorigor
Isabel34114311,professorigor
Elder7R,professorigor
MonicaF08864567,professorigor
armasemotos,professorigor
tanaresv,professorigor
giorismarm,professorigor
Sergio30311229,professorigor
kleberAguiarDa2,professorigor
TomazArantes2,professorigor
JrManoel_,professorigor
davidpassos1232,professorigor
gabrieloficial,professorigor
felipecss96,professorigor
DeboraDCMS,professorigor
EuardoGuerra,professorigor
csilva_1502,professorigor
Lcia13191564,professorigor
dias_mig,professorigor
brianovisk,professorigor
DiogoChinna,professorigor
PatriotaLucelia,professorigor
rauberjef,professorigor
Rafael_Costa38,professorigor
Leonardo07901,professorigor
amr5858,professorigor
profvalentimbr,JornalOGlobo
Susmr,professorigor
KotiVinicius,professorigor
VictorDorseywtp,professorigor
professorigor,
aguinaldoluizc1,JornalOGlobo
ady_ferrer,JornalOGlobo
RasheedsWorld,JornalOGlobo
GilsonS21698261,JornalOGlobo
TainM7,EleicoesEUA
mgodoy_ufmt,JornalOGlobo
freddy_krrueger,JornalOGlobo
Thiago92168933,JornalOGlobo
mirsantos,JornalOGlobo
MarlonM38932830,JornalOGlobo
SaulJosias1,JornalOGlobo
fabiolafonte1,JornalOGlobo
LuisPontes1,JornalOGlobo
elcilius,JornalOGlobo
patito_carvalho,JornalOGlobo
saulofendder,JornalOGlobo
queencarolpls,fatooufake
marioasouza72,JornalOGlobo
ReginnaSampaio,JornalOGlobo
vivianneines,JornalOGlobo
alciolijr,JornalOGlobo
ianjsu,JornalOGlobo
DiasMonteiroO,JornalOGlobo
Fabiano_30,EleicoesEUA
gu_afonso,EleicoesEUA
PausapIntervalo,JornalOGlobo
g_treviso,JornalOGlobo
fakerIIh,JornalOGlobo
leonildooficial,EleicoesEUA
emptysoulls,EleicoesEUA
SlobodaSol,JornalOGlobo
icyrino,JornalOGlobo
spyke161,JornalOGlobo
JuninhoSpDado,JornalOGlobo
StennerAndreia,JornalOGlobo
ThiagoAmorimF,JornalOGlobo
bina_doslivros,JornalOGlobo
RobertoFN6,JornalOGlobo
Patmac26020060,JornalOGlobo
RecaldeCharles,JornalOGlobo
OnesioPa,JornalOGlobo
RafaelArruda201,pliniogoes
xcaxdu,JornalOGlobo
mvscosmo,JornalOGlobo
organalegacy,JornalOGlobo
adfurst,fatooufake
MoraessFN,EleicoesEUA
MariaLCAb,JornalOGlobo
WelberQBarboza,JornalOGlobo
ecvmarques,JornalOGlobo
AdemarS375,JornalOGlobo
marciabianco,JornalOGlobo
ilzandro,JornalOGlobo
whosjey,JornalOGlobo
Misaswan0,EleicoesEUA
LouiseCarneiro,JornalOGlobo
gayLulista2,EleicoesEUA
williambazoli,EleicoesEUA
FlavioPradela,EleicoesEUA
OficialElenao,EleicoesEUA
PeterMr,EleicoesEUA
ovi_cente,JornalOGlobo
fgomes36,EleicoesEUA
slytherinltcia,EleicoesEUA
aclgarcez,JornalOGlobo
AMORlM_,EleicoesEUA
NinaPatayeskyL,JornalOGlobo
lendr0_pnhr0,EleicoesEUA
jusmilaeilish,EleicoesEUA
JosAndersonFer2,EleicoesEUA
ultravioletmuse,EleicoesEUA
EleicoesEUA,
Gabriel1132GA,MarcosMaximian8
dodobza,JornalOGlobo
ConceicaoChiari,JornalOGlobo
leidipimentinha,JornalOGlobo
ANovaCinderela3,JornalOGlobo
29luizhenrique,JornalOGlobo
Gabriel1132GA,MarcosMaximian8
MSOIV,JornalOGlobo
Gabriel1132GA,MarcosMaximian8
jr_crf91,JornalOGlobo
Sonja80703107,JornalOGlobo
mairagomes_ofic,JornalOGlobo
KleideGrava,JornalOGlobo
walderrocha,JornalOGlobo
Leticia60684778,JornalOGlobo
RayssaF42222784,JornalOGlobo
girlenecunha,JornalOGlobo
Rodrigo85102725,JornalOGlobo
W_Zampi,JornalOGlobo
MariaCr47706355,JornalOGlobo
DivaMousse,JornalOGlobo
Flaviaelenao,JornalOGlobo
micheIeto,JornalOGlobo
PAULONEY2,JornalOGlobo
rosangelamtomaz,JornalOGlobo
CleutaPaixao,JornalOGlobo
MDyonisio,JornalOGlobo
EdLima55,JornalOGlobo
VeraGattas,JornalOGlobo
CoradoCamara,JornalOGlobo
olicansado,MarisaCologneze
nillsilva_,JornalOGlobo
StribelGP,JornalOGlobo
blondieviolence,JornalOGlobo
IsaFernandes_74,JornalOGlobo
Leandro_Hound,JornalOGlobo
LigiaMauraCosta,JornalOGlobo
talis_matias,JornalOGlobo
MiguelRegiSilva,JornalOGlobo
adbrasil,JornalOGlobo
Eukz87,JornalOGlobo
FelipeAlvesRd,JornalOGlobo
Regiafil,JornalOGlobo
pohajurbs,JornalOGlobo
PBvanguarda,JornalOGlobo
puentemuniz,JornalOGlobo
danielimprensa,JornalOGlobo
tparanhos,JornalOGlobo
MarThiCalaz,JornalOGlobo
pequirana,JornalOGlobo
PetertheDriver1,JornalOGlobo
Nailtonaraujo11,JornalOGlobo
CarlaGaldino35,JornalOGlobo
LRoger_Arq,JornalOGlobo
Io_1908,JornalOGlobo
victoreloi,JornalOGlobo
maurinhodutra,JornalOGlobo
Brilhante_rsb,JornalOGlobo
Himundo,JornalOGlobo
fiotioficial,JornalOGlobo
Silver472,JornalOGlobo
EuSemTempo,JornalOGlobo
BrynaCordeirin,JornalOGlobo
marveniccius,JornalOGlobo
Asapume,JornalOGlobo
DivaMercedes3,JornalOGlobo
conmaffei,JornalOGlobo
FlaAntifa,JornalOGlobo
JornalOGlobo,
thamilihs,fatooufake
KelsonR92586314,fatooufake
Celiolobo2,fatooufake
ansimoesf,fatooufake
PeterMr,fatooufake
fatooufake,
rauberjef,colunapatriota
ElianeF56160891,colunapatriota
baleeiro_andre,realthalesbecke
zaninmoreira,thomasqrz
Guilherme3238,thomasqrz
rodrigorossi89,
deboraely,aosfatos
gustavo72191314,thomasqrz
FilLeal,
Genunca,thomasqrz
Fernand17490420,2020Americanas
Elcy48639336,2020Americanas
Elcy48639336,2020Americanas
Alessandrourb15,2020Americanas
ZeldaTinker,thomasqrz
MikeCabral17,brunocarvalho_s
brunocarvalho_s,EduQuim101
dvdnasc,thomasqrz
7938ba51ded8488,thomasqrz
EsmerinoA,thomasqrz
AndradeCarvalh8,thomasqrz
luizcarlosjr,thomasqrz
MarinilseO,thomasqrz
Alberto11193286,2020Americanas
JosAntn47225351,thomasqrz
leomarquez_01,thomasqrz
TniaRib1,thomasqrz
PauloTorres57,thomasqrz
adrianlucass,thomasqrz
antonio81861582,Estadao
ANALUCIAMcardio,2020Americanas
AndreaZAraujo,thomasqrz
wrahfael83,thomasqrz
TakeshiOficial,
FtimaLessa2,thomasqrz
kellyyasmin38,thomasqrz
alexandre_mss,thomasqrz
AndrewF7969,thomasqrz
Tamar_Zis,thomasqrz
direitaejustica,thomasqrz
nandorappa40,thomasqrz
getuliosantana,thomasqrz
PATRIOTA212400,thomasqrz
myllediogenesb,thomasqrz
tmjconservadora,thomasqrz
VniaCampos33,GustaBonoro
Lourdesregina,thomasqrz
Direitudo1,thomasqrz
erikk_andra,thomasqrz
brunofabianodi1,thomasqrz
bueno1281,thomasqrz
GustaBonoro,
EdsonMa21803704,thomasqrz
openet67,thomasqrz
AUGUSTOBISPO01,thomasqrz
aureliotomazadv,thomasqrz
emb_resistencia,thomasqrz
RicardoGrossi7,thomasqrz
AnticcomunistA1,thomasqrz
claudia_estrel,thomasqrz
L_Fighera,thomasqrz
sabrina25637521,thomasqrz
GadoRob2,thomasqrz
amcoutinho,thomasqrz
Leomira12,thomasqrz
moreirafabio643,thomasqrz
rafaelp_s1,thomasqrz
GustavoADS,thomasqrz
123Kabs,thomasqrz
Paulo70694845,thomasqrz
OliveiraMyrtes,thomasqrz
RemizioGarrido,thomasqrz
marceljuliani,thomasqrz
celsorvianna,thomasqrz
rodrigofreitast,thomasqrz
ednhuv,thomasqrz
millemoreira,thomasqrz
dayseviana2,thomasqrz
ederflal,thomasqrz
BolsonaroAngel,thomasqrz
fabiss1072,thomasqrz
duchaves,thomasqrz
smariacamel,thomasqrz
PedruHenrique01,thomasqrz
helberneo,thomasqrz
Xupetit4,thomasqrz
Charlis__crf,thomasqrz
mariacida122,thomasqrz
JaneGarciaa,thomasqrz
thomasqrz,
veloso312,2020Americanas
BiancaCrisRossi,2020Americanas
gideaobaruch,
vitch_1,2020Americanas
EdvanRamosCava1,2020Americanas
baloes_dos,CNNBrasil
antoniolima_20,2020Americanas
mcpetrellis,2020Americanas
SunTzu72703894,2020Americanas
Roddy86Ribeiro,2020Americanas
ingjb8,2020Americanas
SEGUNDOJR,2020Americanas
Sueli24434275,2020Americanas
baloes_dos,CNNBrasil
PATRIOTA212400,alan_20201
manso_beatriz,2020Americanas
alvim_malta,bellanna
Herval68461744,2020Americanas
san_brazil,2020Americanas
LuisFer15437524,2020Americanas
wilsonmessias01,alan_20201
BolsonaroAngel,2020Americanas
JrAxelroad,2020Americanas
JrAxelroad,2020Americanas
HerickNAlves,2020Americanas
fabi_moss,2020Americanas
eliveltonpds98,2020Americanas
BOLSOBRAVA1,2020Americanas
38neless,2020Americanas
IstauroElyades,2020Americanas
NiniBaptista,2020Americanas
AbnerAlvesFranc,2020Americanas
americacapitao7,2020Americanas
DonaldJRT2020,2020Americanas
LeiHigor,alan_20201
HugoTdeSouzaJn1,alan_20201
marlenejulia,2020Americanas
VitorFw1308,2020Americanas
SibeleGuimarae2,alan_20201
VANDERLEIEEDNA,2020Americanas
betocesar194,2020Americanas
LuizCludioCarv4,2020Americanas
Drmafra,2020Americanas
KEspinela,2020Americanas
MarceloJB38,2020Americanas
Flvio65155536,2020Americanas
Cesar63944030,2020Americanas
Stellamares95,bellanna
SergioA17380052,2020Americanas
ahumanbot,2020Americanas
JosHenriqueRoc7,2020Americanas
klebermilton12,2020Americanas
GuaBR,2020Americanas
Gallier_Elaine,2020Americanas
Vitoria50901012,2020Americanas
AmaraldeSouza3,2020Americanas
deybsonacklyes,2020Americanas
Alerrandro12342,2020Americanas
Roctbas,2020Americanas
melissa81340894,2020Americanas
LegolasRPG10,2020Americanas
OsmundoFerreira,2020Americanas
brazilbolsonaro,2020Americanas
VlogdoLisboa,2020Americanas
EdilsonSantos7,2020Americanas
Bren_al20207,2020Americanas
FemDeus06551125,2020Americanas
alan_20201,
janainabsb,2020Americanas
2020Americanas,
RoseliG07258929,2020Americanas
Guilher81334087,2020Americanas
clau_patriota,bellanna
edsonaplim,bellanna
edureismaxx,2020Americanas
vitch_1,2020Americanas
MarioMarcio25,2020Americanas
jsebasbr,2020Americanas
luiz_stobbe,2020Americanas
DonaldJRT2020,2020Americanas
RikhardBR,bellanna
HyanGontijo,henriolliveira_
bazofia0305,2020Americanas
Alessandrourb15,2020Americanas
Ana_Marx27,2020Americanas
2020Americanas,
HyanGontijo,jminreign
susin_l,bellanna
ferpinhal2,bellanna
GhergerF,bellanna
ltannus,bellanna
likearoseflower,bellanna
isabel2905,bellanna
Marcelo60468016,bellanna
CidaCrivelaro,bellanna
0dDel,bellanna
mleira,bellanna
SarahSa15950134,bellanna
Velasco85386342,bellanna
antoniolima_20,2020Americanas
Israelpsantos,bellanna
raposo_dr,bellanna
Priscil79931865,bellanna
rfcdestino,bellanna
LeoDeJudah1,2020Americanas
VitorFw1308,bellanna
AristotelesVia,bellanna
ale_beard,bellanna
DeusAcimadeTo10,bellanna
hudsondesouza11,bellanna
DKen79857614,bellanna
mitags,bellanna
marsupialtetudo,2020Americanas
miro_douglas,novaeramidia
TravisBacon12,2020Americanas
JorgeVictorSoa2,2020Americanas
skipperlima,2020Americanas
2020Americanas,
BrasilVencera,bellanna
superaguia2000,bellanna
FidesEtRatio_,bellanna
AUGUSTOBISPO01,bellanna
ngm_de_monoculo,bellanna
suelycarp,bellanna
ldmrh,bellanna
amandamoraes500,bellanna
LidiWRE,bellanna
Jose60044753,bellanna
bellanna,
opovoonline,
MarcosB00324786,novaeramidia
nickstraussen,dimacgarcia
lamboia,novaeramidia
Lude7L,novaeramidia
OrlandoSoaresRi,novaeramidia
rcerione,novaeramidia
lucio_c_almeida,novaeramidia
Anousca65,novaeramidia
JorgeGoche1,novaeramidia
Maria85261273,novaeramidia
bluiz2010,novaeramidia
fabricio_careca,novaeramidia
RooseveltGDeCa8,novaeramidia
marcusPITTERnew,novaeramidia
Arnaldox55,novaeramidia
timmysblue,
lustosagabriel_,
MagooMito,novaeramidia
MantovaniCeluta,novaeramidia
flamariom72,novaeramidia
SCoimb,novaeramidia
CarlosSD1218,novaeramidia
Dranasm,novaeramidia
FranklinHerber6,novaeramidia
Re__SK_,novaeramidia
ValriaL88025943,novaeramidia
edu00711811,novaeramidia
MaibonSimone,novaeramidia
AmericoCamilo,novaeramidia
joaoteixeira578,novaeramidia
LeoCarneiro8,novaeramidia
CndidaNeves1,novaeramidia
Amarelo_Gohan,novaeramidia
pr_bolsonaro,novaeramidia
Sue3RN,novaeramidia
patrickstrela93,novaeramidia
luizlobofilho,novaeramidia
GuiSilv22214851,novaeramidia
RicardoOBarbos1,novaeramidia
marcelo57693547,novaeramidia
ricardo_melloni,novaeramidia
christianponzo1,novaeramidia
LagoEudes,novaeramidia
claudiamendesb3,novaeramidia
MariaZLuz,novaeramidia
FGBdeAbreu,novaeramidia
pflora09,novaeramidia
TheBrazil38,novaeramidia
ArwenUndmiel5,novaeramidia
EvertonHepp,novaeramidia
pedrossn01,novaeramidia
DanielSvio6,novaeramidia
BritesAmanda,novaeramidia
JosyBolsonaro,novaeramidia
AristotelesVia,novaeramidia
dnsemello,novaeramidia
AmericaGabe,novaeramidia
profhelenamelo,novaeramidia
Estefano_lopes,novaeramidia
obernardomorais,novaeramidia
jumgbrasil,novaeramidia
moreirafabio643,novaeramidia
alertando24h,novaeramidia
LucasFGHIJKLM,novaeramidia
MariDaFonseca,novaeramidia
novaeramidia,
Fernand17490420,novaeramidia
wagnercurado,novaeramidia
holosonic7,Clauwild1
DeusaMonte,novaeramidia
thiagonvianaa,novaeramidia
kellyyasmin38,novaeramidia
AndradeCarvalh8,novaeramidia
cccalado,novaeramidia
PepeGMDSS,novaeramidia
ElsonLoula,novaeramidia
EronisC,novaeramidia
Sandrad30799789,novaeramidia
hildebertmachad,novaeramidia
RobertoVieira10,novaeramidia
BiancaCrisRossi,novaeramidia
500Gilson,novaeramidia
JubVasconcelos,novaeramidia
CleberAugusto10,novaeramidia
C_4_R_0,novaeramidia
FabioIng,novaeramidia
CanalBender,novaeramidia
LauroSilveira3,novaeramidia
m4rc0nd3sjr,novaeramidia
EdesonJunior,novaeramidia
JoseAdeildo,novaeramidia
vania37144139,novaeramidia
Valusa,novaeramidia
leo_rusca1,novaeramidia
TeixeiraYnae,novaeramidia
Lpschirmer,novaeramidia
Thereza12979987,novaeramidia
ValmirPacheco,novaeramidia
Roctbas,novaeramidia
VlogdoLisboa,novaeramidia
direitasempre12,novaeramidia
krieger_deutsch,novaeramidia
Beneditoceu,novaeramidia
SesLuiz,novaeramidia
chnavy,novaeramidia
Jacquel06483343,novaeramidia
florbrasil62,novaeramidia
MagooMito,novaeramidia
ander_gabri,poxa_ticia
CristianeTeod16,novaeramidia
_mucas,novaeramidia
Ana_Marx27,novaeramidia
PaganiBibi,novaeramidia
Estamosbem41,novaeramidia
teka_sp,novaeramidia
Oneill60,novaeramidia
robiscuit,novaeramidia
tarouco_liane,novaeramidia
MRIOLEVY1,novaeramidia
luizalb81725374,novaeramidia
mc19092018,novaeramidia
EveraldoDalg,novaeramidia
LeoCarneiro8,novaeramidia
VovoWerine,novaeramidia
NataCosta18,novaeramidia
olddireita,novaeramidia
Crossrace,novaeramidia
YvBarbosa,novaeramidia
CalvoLuzia,novaeramidia
HelderReisC,novaeramidia
AdrianoFiguer,novaeramidia
JoseGer93450812,novaeramidia
CarloFabio1997,novaeramidia
bianoteles,carloscezarcjr
madalen30385632,novaeramidia
hansen_vitor,novaeramidia
dvdnasc,novaeramidia
EFurinho,novaeramidia
JorgeMurilo,novaeramidia
skipperlima,novaeramidia
JooAraj69125522,novaeramidia
JoseConserva73,novaeramidia
dtom74,novaeramidia
escultor61,novaeramidia
leitaogmr,novaeramidia
38neless,novaeramidia
gabrieloficial,novaeramidia
BheringPia,novaeramidia
dariocorrea108,novaeramidia
Dranasm,novaeramidia
guilhermedk33,novaeramidia
kamekaze2999,novaeramidia
laurostarwars,
denis9fduart,novaeramidia
Sarah03727052,novaeramidia
Jota44,novaeramidia
PRFSANTOS1957,novaeramidia
BolsonaroAlmir,novaeramidia
SoniaRHenrique,novaeramidia
MDilza,novaeramidia
100Profdaniela,
FrtcvLbnmL,novaeramidia
SatyroDouglas,novaeramidia
MaibonSimone,novaeramidia
SandecoSincero,novaeramidia
RODRIGO281526,novaeramidia
Direitista4,novaeramidia
danielessviana,novaeramidia
Elcy48639336,novaeramidia
Direita_Ja_2018,novaeramidia
m_m_flores,novaeramidia
AugustoEFriedri,novaeramidia
abripi,novaeramidia
paulod42,novaeramidia
christianponzo1,novaeramidia
DanielP95510403,novaeramidia
FFrancoMNeto,novaeramidia
flordelisis,novaeramidia
DennizLopez33,novaeramidia
moreirafabio643,novaeramidia
MariaAp88870973,BrazilFight
Rodrigues_mazim,novaeramidia
Merciabh09,novaeramidia
jumgbrasil,novaeramidia
eder_war,novaeramidia
dariosailor86,novaeramidia
Efrem_Rib,novaeramidia
SilvaMarcosrj,novaeramidia
Yellowbird77777,novaeramidia
joaoteixeira578,novaeramidia
AnticcomunistA1,novaeramidia
adrianlucass,novaeramidia
maoe___,novaeramidia
TheBeto55,novaeramidia
CarlosFurlanet2,novaeramidia
luzffn,novaeramidia
Rafael_batizta,novaeramidia
GPronaldo13,novaeramidia
DireitAAtentA,novaeramidia
seteeng,novaeramidia
jorgealen,novaeramidia
Mr_TeddyBR,novaeramidia
shirley_loos,novaeramidia
Ronaldo48879456,novaeramidia
Gleison88as,novaeramidia
dcdelmaestro,novaeramidia
jeverson1976,novaeramidia
RenatadoMarcos,novaeramidia
OfferYourHeart,novaeramidia
MagriniRay,novaeramidia
soulbrazuca,novaeramidia
Deborah30242633,novaeramidia
claudiamendesb3,novaeramidia
VaniaTocantins,novaeramidia
supremo_povo,novaeramidia
AguinaldoPetrin,novaeramidia
2Cidda,novaeramidia
kawaharu21,novaeramidia
andrea1116hist,novaeramidia
sarah_ceni,novaeramidia
luizhsanches,novaeramidia
MaatVieira,novaeramidia
DiihFontana,novaeramidia
helberviana,novaeramidia
ceciconserva,novaeramidia
fidesgratia,novaeramidia
marcelojfs,novaeramidia
PAULONETO231267,novaeramidia
EliaquimTomas,novaeramidia
ppsir_com,novaeramidia
Eduard1003,novaeramidia
MAURI11633033,novaeramidia
tic_tac_Brasil,novaeramidia
neytonh,novaeramidia
janainaduprat,novaeramidia
gcoelho,
SouzaCpedrosa40,novaeramidia
HlioVieiraDeBa2,novaeramidia
TravisBacon12,novaeramidia
Andrea34179648,novaeramidia
Jandyvieira,novaeramidia
C11Bras,novaeramidia
MarlonMat3,novaeramidia
clau_patriota,novaeramidia
New_Delia,novaeramidia
2509Vania,novaeramidia
AragaoDinardi,novaeramidia
CarabiaJunior,novaeramidia
meccneto,novaeramidia
Yogagt6,novaeramidia
PauloCLopes1,novaeramidia
lsfortes,novaeramidia
douglas33963194,novaeramidia
RoseFrana20,novaeramidia
HildebrandoCor5,novaeramidia
HANS_BODOLZA,novaeramidia
carlamariacr,novaeramidia
jcfacklam,novaeramidia
jussaranrs,novaeramidia
SEGUNDOJR,novaeramidia
lubiroz3,novaeramidia
AmericaGabe,novaeramidia
___Cris___,novaeramidia
a_xpz,novaeramidia
allan_lima77,novaeramidia
gue_sonia,novaeramidia
Corneli17481945,novaeramidia
Junoxrn,novaeramidia
lfernandoor,novaeramidia
marcosocb2,novaeramidia
joaoscaffyahoo1,novaeramidia
NiltonM88740268,novaeramidia
carlarbcardozo,novaeramidia
Lucienn81109989,novaeramidia
seilakun,tncleft1776
ludy_mo,novaeramidia
masterligador03,novaeramidia
EstherEDenise1,novaeramidia
RenatoLimm4,novaeramidia
engNorival,novaeramidia
PauloOliver_38,novaeramidia
Alex78596901,novaeramidia
GilsonSantosli8,novaeramidia
alfivonh,novaeramidia
ALopes150880,novaeramidia
Badernacast,novaeramidia
flavyo_oliveira,novaeramidia
Luciano94703692,novaeramidia
Estefano_lopes,novaeramidia
americacapitao7,novaeramidia
Mikajp4,novaeramidia
leandrocomym,novaeramidia
Jorgevilhena,novaeramidia
CristianeMarise,novaeramidia
JpJulliano,novaeramidia
RomacioR,novaeramidia
_AndreJEC,novaeramidia
garciaabravoo,novaeramidia
Chuto_o_balde,novaeramidia
ErlanyDuarte,novaeramidia
jaimerausch14,novaeramidia
magdielnascimen,novaeramidia
RicardoOBarbos1,novaeramidia
OthinNorseGod,novaeramidia
NadjaGomes14,novaeramidia
NadiaDSilveira,novaeramidia
Lukyoon,novaeramidia
LisHelenaRodri2,novaeramidia
EliasSantos18,novaeramidia
alemdoQ,novaeramidia
NunesAltemir,novaeramidia
TitoLourenco,novaeramidia
Isabell79042946,novaeramidia
liacrespo,novaeramidia
neideob2,bbcbrasil
celsorvianna,novaeramidia
DanielSvio6,novaeramidia
kerwycollss,novaeramidia
LuizBar98124809,novaeramidia
albertoargentin,novaeramidia
fabricio_careca,novaeramidia
Ricardojr1921,novaeramidia
ElzaGimenez47,novaeramidia
Marcelo71054375,novaeramidia
ROSALVOSANTOS1,novaeramidia
raquelcpdiniz,novaeramidia
SimonepbiSimone,novaeramidia
Is4cLima,novaeramidia
myllediogenesb,novaeramidia
santidanie,novaeramidia
DedezaoSilva,novaeramidia
aleguimaraes_1,novaeramidia
cjgarcia1104,novaeramidia
DarioNazareth,novaeramidia
portera22,novaeramidia
Correa69333652,novaeramidia
BRUNOVIEIRADES5,novaeramidia
Guistrpanda97,novaeramidia
diegoquiqueto,novaeramidia
liberdade_ldr,novaeramidia
REGINAOUTEIRO,novaeramidia
tanaresv,novaeramidia
Marcos_PS_03,novaeramidia
masumcanal,novaeramidia
iran_ji,novaeramidia
BOLSONAROBARROS,novaeramidia
CruzAdrianai3,novaeramidia
euquerenh,novaeramidia
EBudri,novaeramidia
Wandercley50,novaeramidia
AnaHerr68016722,novaeramidia
OProprioToninho,novaeramidia
neideob2,Mariana_Sanches
cassiagontijo,novaeramidia
1Bairro,novaeramidia
CleberViana8,novaeramidia
FazanEumesmo,novaeramidia
katia41676584,novaeramidia
SerginSFC,novaeramidia
paznaterra,novaeramidia
ConservaDonna,novaeramidia
raquelandradeas,novaeramidia
TheBrazil38,novaeramidia
Paulo67105791,novaeramidia
MadeiraBR,novaeramidia
Igor51v,novaeramidia
DestroFanatico,novaeramidia
Joepetcovik,novaeramidia
g_garc2,novaeramidia
BrNazar,novaeramidia
obernardomorais,novaeramidia
pflora09,novaeramidia
cleytonrob,novaeramidia
alertando24h,novaeramidia
jdsbobmarley,novaeramidia
REDETUDOW,novaeramidia
profhelenamelo,novaeramidia
RUTOLIMAC,novaeramidia
Sue3RN,novaeramidia
MariDaFonseca,novaeramidia
novaeramidia,
GabrielCalumby,joseabdalla
coments_01,
ApenasPelo_Meme,pandoraasbox12
esperancaetica,ale_giseli
taydetails,
ale_giseli,
HenriMonsieur7,SentinelasL
_thallysalves_,SentinelasL
SentinelasL,
muylaerte,exame
viniciuslgalo,exame
acg747,exame
exame,
pedroocoelhoo,
phelipehat,EleicoesEUA
MariCastro16,
FbioBackes1,alan_20201
Walnerbrother1,TrofinoThiago
TrofinoThiago,knalquestionese
Gabriel88700883,alan_20201
flaviusagain,alan_20201
neusa_lazarini,alan_20201
AnderTorres5,alan_20201
HotspotOrlando,alan_20201
_Dea_LN,alan_20201
Ricardo44788581,alan_20201
Mara21Castro,alan_20201
MartaRabelloSa1,alan_20201
keilamorais14,alan_20201
061005iza,alan_20201
RubboZoraide,alan_20201
alan_20201,
veramartins,
DIREITA_UNIDA_,THS_Cafe
Gismga,colunapatriota
Alessandrourb15,ncontiJ7
r_direita,ncontiJ7
ncontiJ7,
dr_mdfonseca,AlbuquerqueDavy
ErlanyDuarte,colunapatriota
AnaPilagallo,luaultrafielll
aidpi,colunapatriota
kcg2804,deinhaASL
LRoger_Arq,BlogdoNoblat
felipebulacha,ndreguilherme
malak00i,
zoranmariaa,colunapatriota
csanjel1,colunapatriota
MitoVanessa,LuciaSantos77
luaultrafielll,
Ronaldo92420285,LuciaSantos77
Bren_al20207,LuciaSantos77
dfdguimaraes,LuciaSantos77
Moacyrodrigues,colunapatriota
LuciaSantos77,
ValdirLazarini,colunapatriota
gabrieloficial,colunapatriota
d0uglass_,
Rafael_batizta,colunapatriota
Zepykenu,GustaBonoro
edureismaxx,colunapatriota
SibeleGuimarae2,colunapatriota
GustaBonoro,
VeraMattos12,colunapatriota
Marcio_Pisca,colunapatriota
AdonisCrivelli,colunapatriota
ErisbergNoguei8,colunapatriota
leandro97312823,BrazilFight
CPortugal7,colunapatriota
tonyyyss,colunapatriota
NeliPimenta,colunapatriota
LeiaRachor,colunapatriota
ismarckel1,colunapatriota
santoadeval,colunapatriota
silva_sulivan91,colunapatriota
ElisamaMF,colunapatriota
AnaFelix_38_BR,colunapatriota
deybsonacklyes,colunapatriota
AnaPaulaMarqus3,colunapatriota
colunapatriota,
marcosocb2,BrazilFight
ngm_de_monoculo,deinhaASL
ANDRADERAFA5,deinhaASL
fredsposito,deinhaASL
SarahSa15950134,BrazilFight
CidadaoRenan,deinhaASL
Alessandrourb15,deinhaASL
WedinarBolso,deinhaASL
WagnerAntonioH3,DZlia3
Mariade50557342,deinhaASL
Angelica_Ca09,
LuizMedeiros17,BradCasMello
LuizMedeiros17,AlbuquerqueDavy
LuizMedeiros17,AlbuquerqueDavy
LuizMedeiros17,realDonaldTrump
juli__silva,BrazilFight
LopesDonizetti,BrazilFight
gado_jb_oficial,
danilopereirafi,deinhaASL
janainaduprat,BrazilFight
blogdoca,deinhaASL
erikazinhauau,BrazilFight
verbrasil2020,BrazilFight
Andrey_Catatau,BrazilFight
IvsonCostaDeAr1,deinhaASL
CarlaSoaresdeC1,BrazilFight
Angelams54,BrazilFight
gmoreschi82,deinhaASL
De_SmiLo,deinhaASL
fbdesenvolvedor,deinhaASL
SilvaGSilva2,deinhaASL
Sheyla_0301,BrazilFight
Rosadeacucar,BrazilFight
Marcela70429565,deinhaASL
lanaluna1000,deinhaASL
DireitAAtentA,deinhaASL
deinha_asl,deinhaASL
LeiHigor,BrazilFight
brunofelipe0573,BrazilFight
deinhaASL,
Fernand39353510,BrazilFight
ggcontente,BrazilFight
FabioRenatoCos1,BrazilFight
clovis_39,BrazilFight
vanacarol,BrazilFight
1Bairro,BrazilFight
64by5120210,BrazilFight
Monica24Minion,BrazilFight
ferassal,BrazilFight
MiriamTaokei100,BrazilFight
RachedJorge,BrazilFight
SouzaCpedrosa40,BrazilFight
BOLSONAROBARROS,BrazilFight
acarce74,BrazilFight
GuerreiroPatri7,BrazilFight
CirlenePonce,BrazilFight
esquerdanuncam1,BrazilFight
MarciaCrtes5,BrazilFight
000211a,BrazilFight
AndrJosFerreir4,BrazilFight
JLJuninho,BrazilFight
EliasFigueroa77,BrazilFight
RooseveltGDeCa8,BrazilFight
nebels,BrazilFight
Alessandrourb15,BrazilFight
BrennaAssis1,BrazilFight
BrazilFight,
therezafontoura,BlogdoNoblat
mr_marceloreal,
EsmagarF,BlogdoNoblat
dragsuhernandes,BlogdoNoblat
harris_isolda,BlogdoNoblat
AndradeeRoberta,BlogdoNoblat
rominhopontes,BlogdoNoblat
Marcelo_Cicconi,BlogdoNoblat
Fernand41213737,BlogdoNoblat
BlogdoNoblat,
SDS3008,BethHabib
BethHabib,
JeFe_s,
