EdnilsonStos,
Matheus63764714,
Matheus63764714,LuizCamargoVlog
Helena88892956,carlosjhonesbat
MichaelPatriota,PacoB0800
MariaAl97280143,jairbolsonaro
CesarAugusto_sp,TVHDOzzy
UmLiberal1,marceloflopes
Matheus63764714,
Matheus63764714,
Matheus63764714,
rafaeldmatheus,teresinhalopes
JosCarl23223143,oswaldojor
MaraMor57456446,oswaldojor
Alessan63233707,oswaldojor
Matheus63764714,
JeSoaresJv,CarlosBolsonaro
RuiCarl66562254,celsorussomanno
rogarao_,
joaoAl31,brunocovas
joaoAl31,
heyandyy7,
WilsonSilva38,roxmo
JuracyOliveira8,Rconstantino
ailtong67,GuilhermeBoulos
TerezaCris59,teresinhalopes
Luiz_A_C_Costa,stu_felipe
superaguia2000,teresinhalopes
Matheus63764714,SummerNight53
KlesiaPimentel,ArthurWeint
LuciaRehder,teresinhalopes
teresinhalopes,oswaldojor
DexteraDomini1,ironbonoro
aleextavaress,brunbazzo
Victorkazoo,PSDBoficial
GrippLuzia,lolaescreva
minceauras,Luiz_A_C_Costa
another_brick_7,aguedescartoon
Nissylopes,GuilhermeBoulos
PertileAntonin1,AraciPatriota
MatheusSouzaFi,Luiz_A_C_Costa
Israel48092155,kimpaim
DanielJock,oswaldojor
MarvinGaspa,
MarvinGaspa,
Luiz_A_C_Costa,JornalOGlobo
bezerradasilv15,mjligeiro
JavierE78234335,
AyshaGomes3,OGloboPolitica
Robo000001,
fconetho,mjligeiro
natymarques16,mjligeiro
mjligeiro,STF_oficial
ALEXDEMORAES8,erikakokay
FERNANDOFGOMES1,UOLNoticias
D4yson,
AyshaGomes3,DouglasBoss21
newordertemple,Madruga004
EderGiusti,GuilhermeBoulos
Martinskleber83,MarceloFreixo
sol_7lessa,
AlmeidaCarvalh8,GuilhermeBoulos
Marcelo_MCC,GuilhermeBoulos
DoLocadora,Cybermage13
Rlsqra,Rconstantino
GabrielDrebtch,Kaio1908
wajnrajter,
matias_tailor,
AraujoCrisitian,valoreconomico
Matheus63764714,JoseQuatro2
AyshaGomes3,IronicaLaurinha
SuperBrasil3,
rwuerz,carolminato
nunolvares,neto22429181
oarrotonews,
rafaSlug,oswaldojor
danielFairen,2llyzmendonca
2llyzmendonca,danielFairen
monteironegoci1,
AraujoCrisitian,folha
svil2019,Madruga004
Van_Artioli,oswaldojor
Bruna86948013,sikerajr
AnaMariaSuhett,oswaldojor
Terlusia,oswaldojor
silviavcm,oswaldojor
cristiane171963,oswaldojor
IvanildoS5,
MaraAlv41337064,iane_menezes
Ommen35182393,oswaldojor
leobatista26,oswaldojor
JavierE78234335,MPF_PGR
MaristellaOliv1,roxmo
mineirotchotcho,GuilhermeBoulos
WanDer67769451,JooBelmCosta1
SpeakBrasil,oswaldojor
MaurilioVegeta,celtarebaixado3
arsol2018,Corisco59150255
marcomachado280,
susin_l,SpeechesBolso
SuperBrasil3,
Roberto56992482,SpeechesBolso
OdilonOliv,YouTube
emabolsonarista,oswaldojor
LeoVieira2323,otempo
Jose60044753,oswaldojor
brasil_rony,GuilhermeBoulos
MarioLu46371848,SpeechesBolso
mineirotchotcho,roxmo
celsoeduadvogad,roxmo
ivantorezan,SpeechesBolso
Roberto24605509,SpeechesBolso
MariaCliaAlexa1,SpeechesBolso
hedynna_,oswaldojor
SpeechesBolso,
MIvana11,
Liiii94348647,roxmo
Edilson62672959,oswaldojor
Rokunin12,roxmo
sil_dleite,Madruga004
Nelsonrangelf1,oswaldojor
ale_paideia,roxmo
Ednei633,roxmo
LinoZilda,oswaldojor
PamelacsAlmeida,oswaldojor
passos50,
PAULOPARMM,Lilian_Direita
AnnieDuarte9,oswaldojor
Israel_Btzur,oswaldojor
simplicio_paulo,oswaldojor
ecstfa,GuilhermeBoulos
OliveiraMyrtes,oswaldojor
Projeto223,erikakokay
Matheus63764714,
DanielamaralMa3,Yuh17
olivierleth2018,oswaldojor
DanielamaralMa3,Yuh17
Matheus63764714,
BunkerConserva,PaolaCarosella
milicianorj,oswaldojor
lixolandia20,
joaoAl31,Yuh17
joaoAl31,Yuh17
JussaraGama3,oswaldojor
Joanita26845211,oswaldojor
gil29737955,oswaldojor
AgnaldodaSC,UOL
MarcoARibeiro9,oswaldojor
Fran38Gabriel,Madruga004
Esousa84901536,oswaldojor
rheneaa,CarlaZambelli38
familiadestro,oswaldojor
WilbertAilton,Madruga004
Docilda1,Madruga004
Timoteo07219934,Madruga004
Madruga004,
silveiraflu,oswaldojor
PauloVi67998041,oswaldojor
BocciaNetto,alandossantosp8
alandossantosp8,DouglasGarcia
andressanickel,mrclmnzs
CURIOUSreal1,
WanderPenna,limpalentestet
alvarosrgiorosa,taoquei1
madalena_izabel,oswaldojor
pemelpe,oswaldojor
PrEdsonMello1,
crist_vi,oswaldojor
MarcosPerico,oswaldojor
mvaglio,oswaldojor
patzimbrunes,oswaldojor
Madruga004,gleisi
augustinmatias,mokey_machine
WanderleySiqu12,oswaldojor
BarbosaAdemar1,oswaldojor
AndradeCarvalh8,oswaldojor
andersonrsilva,oswaldojor
AndraPaixo4,oswaldojor
GaMaracaja,oswaldojor
lamboia,oswaldojor
Spacelad43,oswaldojor
CarlosM3L0,oswaldojor
tutubono1,oswaldojor
ValdileneSilve3,MarceloFreixo
neiamelo7,Rconstantino
AyshaGomes3,SigaGazetaBR
AyshaGomes3,AbrahamWeint
cbaladepre,
tay_dinis,horaciohudson
silvgarci,taoquei1
Marina84088104,oswaldojor
ViniciusVizzot1,oswaldojor
SallesNiedja,oswaldojor
J_alberto101,oswaldojor
sandrinhabol,oswaldojor
MAD60642733,oswaldojor
paes_pr,
RaimundoCelso3,oswaldojor
Jesusverdejus1,oswaldojor
EdnandoDantas,TrumpMargareth
Marceloprof88,oswaldojor
verajaxb4000,oswaldojor
IsolaJefferson,oswaldojor
AlicePetrucci4,oswaldojor
EvertonJaime,oswaldojor
PauloFrancis_,oswaldojor
ReynaldoSolera,oswaldojor
CASSIO_PE2020,oswaldojor
eliana15172734,oswaldojor
lcbenck,oswaldojor
aaperaro,oswaldojor
Bad_Ponei,g1
Bad_Ponei,UOL
o_protagonista3,oswaldojor
thiago_busnello,oswaldojor
EdisonF25955150,oswaldojor
nanna_couto,oswaldojor
michelyfarina,AvancaMs
AvancaMs,oswaldojor
Suelioliveirarp,BrazilFight
FtimaMe44134209,oswaldojor
GlacySantos,oswaldojor
oldtrumper,oswaldojor
DarioReserva,oswaldojor
ElidiMiranda,oswaldojor
leodasilvab,oswaldojor
piruca26,oswaldojor
janesmaciel1,oswaldojor
falumoraes2015,oswaldojor
RachelGroisman,oswaldojor
maria_julinha,oswaldojor
NorivalAugusto,oswaldojor
dyamamuie,oswaldojor
FelipeRutes,oswaldojor
JesusReidosRei7,oswaldojor
IsabelPasin,oswaldojor
38nordestino,oswaldojor
marlon_plaster,oswaldojor
IcemanTW,oswaldojor
florfernandes16,oswaldojor
rnasc1,oswaldojor
VeraLuc16394449,oswaldojor
Myocz,oswaldojor
_eucilene,oswaldojor
RubbermaidenO,oswaldojor
lianebeherega,oswaldojor
MEGAZORDEOPRES1,oswaldojor
claudia77459463,oswaldojor
AquinoDener,oswaldojor
CassiaGrasselli,oswaldojor
xbr925,oswaldojor
SteveIntercept,oswaldojor
SandraRabelo16,oswaldojor
paulomangili1,oswaldojor
leandrodlopes,oswaldojor
piracicaba_ki,oswaldojor
s_g_s5,oswaldojor
Belfav,oswaldojor
HeloisadeMedei1,oswaldojor
fabriciotst02,oswaldojor
Paulodayvid2,pigao_su
AlekzAlves,oswaldojor
AssisT_styx,oswaldojor
Adelmoreira,oswaldojor
DilzaHeredia,oswaldojor
ThiagoLessaDaS1,oswaldojor
Willian10371572,oswaldojor
ROMULOADEFRANA,oswaldojor
Gleydson_Macedo,oswaldojor
SandroRicco,oswaldojor
Rogerio99645966,oswaldojor
Dulobs1,oswaldojor
HagdaMasson67,oswaldojor
Henriqu59053011,oswaldojor
alexandresoftwa,oswaldojor
wmelol,oswaldojor
GallazzoPaulo,oswaldojor
Lucas_Isaias_,oswaldojor
betobraga22,oswaldojor
BragaCalcagno,oswaldojor
MiguelTefiloFe2,oswaldojor
JniorPires9,oswaldojor
RoseMarcondes12,oswaldojor
ElizeuLucas5,oswaldojor
AlanaMattos16,oswaldojor
joilsongv7,oswaldojor
Margarido101928,oswaldojor
a1av,oswaldojor
Bruna86948013,majorolimpio
David73692593,oswaldojor
MaurcioDrummon1,oswaldojor
jcfabricio25,oswaldojor
InterAtivoSCI,oswaldojor
Mritam4,oswaldojor
danimbf,oswaldojor
PalaSk8,oswaldojor
DireitaSempreL1,oswaldojor
angraflu,oswaldojor
GCM553,oswaldojor
sandra_annes,oswaldojor
AnileneEfggen,oswaldojor
VanessaDalCin1,oswaldojor
hjuniov,oswaldojor
OFuturoAgora38,oswaldojor
leo1554,oswaldojor
Camelot96240788,oswaldojor
carlin79,oswaldojor
RSodre52,oswaldojor
SergioOAlves60,oswaldojor
eduardo35pa,oswaldojor
absjr,oswaldojor
brunofabianodi1,oswaldojor
Fabiojefferson,oswaldojor
DamascenoNeli,oswaldojor
ClaudiaGean2,oswaldojor
MariPenteado17,oswaldojor
HlioFreire5,oswaldojor
ganowicz_gan,oswaldojor
terezoica,oswaldojor
apareci96017948,oswaldojor
Andrea1Pereira,oswaldojor
picapau0717,oswaldojor
emeveiga3,oswaldojor
7938ba51ded8488,oswaldojor
PauloLi45320591,oswaldojor
GleiceMarinho4,oswaldojor
TatiG72,oswaldojor
AC_Moreiraa,oswaldojor
DePuliceno,oswaldojor
OtvioBondavall1,oswaldojor
ZarurMariano,oswaldojor
Izabelbelel1,oswaldojor
rogeltonfoss,oswaldojor
alemansur4,oswaldojor
Lidiamar16,oswaldojor
HPereirz1,oswaldojor
OsbornBarros,oswaldojor
SilasFreitas,oswaldojor
VillarSid,oswaldojor
RaelMDK,oswaldojor
TJrPereira81,oswaldojor
katiamlandi,oswaldojor
guiaiuba,oswaldojor
DazziLincoln,oswaldojor
dieghosouza,oswaldojor
EnioTadeu3,oswaldojor
clfpadilha,oswaldojor
reislf56,oswaldojor
_mucas,oswaldojor
AstridNascimen1,oswaldojor
MariaCa31098065,oswaldojor
RicardoQuezado,oswaldojor
douglasmpaula,oswaldojor
WanderLuiMende,oswaldojor
tonbabayaga,oswaldojor
Marilen20674578,oswaldojor
ClovesBelles,oswaldojor
AmaralBurdim,oswaldojor
biammb,oswaldojor
venicius_brito,oswaldojor
MarilandaPires,oswaldojor
Helena23957861,oswaldojor
xapusquinha,oswaldojor
rapido10,oswaldojor
ioledes1,oswaldojor
DalmoSergio,oswaldojor
rehaum,oswaldojor
DrRenan38,MarceloFreixo
istoe_brasil,oswaldojor
Alessan48181864,oswaldojor
_phooliveira,oswaldojor
ArnaldoRJSP,oswaldojor
MarciaP_RJ,oswaldojor
PatriotaBRJose,oswaldojor
fleidao,oswaldojor
SevilhaLcia,oswaldojor
mdbgrava,oswaldojor
EdnaldoRita,oswaldojor
AurystellaS,oswaldojor
pjdoamaral,oswaldojor
WalterCattani,oswaldojor
Ventania38,oswaldojor
menez_roberto,oswaldojor
SubMarceloSC,oswaldojor
ClaudioGonsalv6,oswaldojor
Amarild57864008,GuilhermeBoulos
Solange10136224,oswaldojor
Edson71079775,oswaldojor
kamekaze2999,oswaldojor
Ordemprogresso7,oswaldojor
baxulas,oswaldojor
JONATASBOMBEIRO,oswaldojor
BGustavSantista,oswaldojor
souza_gualberto,oswaldojor
JAIR38PRES2022,oswaldojor
luizc38paixao,oswaldojor
JeanFabricioCo1,oswaldojor
eneidaluciacar1,oswaldojor
emerson91501907,oswaldojor
Ilka04489722,oswaldojor
AnaBeat34202412,oswaldojor
RafaelMialski,oswaldojor
rodiasfaria,oswaldojor
40Oruam,oswaldojor
chess531,oswaldojor
wilkersonrocha,oswaldojor
Vitor30660716,oswaldojor
PatrickFolena,oswaldojor
frfontanella,oswaldojor
Kantunes3,oswaldojor
AbelardoAMJr,oswaldojor
Suze_Prisco,oswaldojor
LumaMachado5,oswaldojor
ValdirenePerei,oswaldojor
telmamenezes,oswaldojor
paesgobol,oswaldojor
AntnioEdvandel1,oswaldojor
rogeriopontes7,oswaldojor
Squerdaglia,oswaldojor
LigeiroSergio,oswaldojor
RobertoVieira10,oswaldojor
Cesar_bTzuR,oswaldojor
AnthonyEloahThe,oswaldojor
MackPinheiro,oswaldojor
AlexandreJosCo2,oswaldojor
CunhagoMoa,oswaldojor
YamYamai,oswaldojor
nortonson,oswaldojor
AnaCludiaCorre6,oswaldojor
gelyfonseca,oswaldojor
mjmacul_lima,oswaldojor
Lucianozoran,oswaldojor
CelsoTenorio4,oswaldojor
Marcelo42426387,oswaldojor
Sdrinha,oswaldojor
Lizluz18,oswaldojor
etvancn,oswaldojor
LevideSouza1,oswaldojor
valdecilima50,oswaldojor
Dora82736788,oswaldojor
PortoDomingues,oswaldojor
BraulioAlmeid20,oswaldojor
sissyarantes,oswaldojor
CartegianeSilva,oswaldojor
josecarlos9001,oswaldojor
pauloalmerio,oswaldojor
FakeDoBolsonaro,oswaldojor
gerametanoia,oswaldojor
jorgealen,oswaldojor
guilhermedk33,oswaldojor
rflcouto,oswaldojor
ElisabethDes,oswaldojor
antoniopcbr,oswaldojor
SidneiSki,oswaldojor
TartariDa,oswaldojor
Ricarda99340809,oswaldojor
marlucia_ramiro,oswaldojor
lidiamake,oswaldojor
WendelCS5,oswaldojor
rosange06227716,oswaldojor
marciavrr,oswaldojor
liacrespo,oswaldojor
leilatrs46,oswaldojor
Cris84693968,oswaldojor
remigiofol1,oswaldojor
giovanigjb,oswaldojor
barbosa86678625,oswaldojor
nilsonic,oswaldojor
ReinaldoAPerei3,DouglasGarcia
FabiodSantis,oswaldojor
RC_RAMIRES,taoquei1
JosAntn47225351,oswaldojor
Churchill_2020,oswaldojor
Luiz_C_Carvalho,oswaldojor
de_djamir,oswaldojor
Adhemaro,LRobertoBarroso
Alexand07641046,oswaldojor
maryhelps,oswaldojor
madalena_izabel,taoquei1
BrunoPontes1981,taoquei1
heverlyjansson,oswaldojor
ludtkebr,taoquei1
Rodrigo012895,oswaldojor
Jefterjs,oswaldojor
HandersonCarva1,oswaldojor
RianaLinhares,oswaldojor
MarciaD73455914,oswaldojor
SandySi67309463,taoquei1
AndrLui49044437,oswaldojor
JOAOPDEUS,oswaldojor
ecbrenan,oswaldojor
SergioHorta18,oswaldojor
mcelso0106,oswaldojor
isabel_sciascia,oswaldojor
prmaduro,taoquei1
andreladocruz,oswaldojor
DiegoOl55145359,oswaldojor
maragnopai1,oswaldojor
AnaFelix_38_BR,oswaldojor
MyrnaValente,taoquei1
Rosngel56070816,oswaldojor
Prof_Jonatas,oswaldojor
nk050708,oswaldojor
AntonioFaroJr76,taoquei1
2140hs,oswaldojor
tvexpressao2016,oswaldojor
stanleyhaddad,oswaldojor
AthaydeAleida,oswaldojor
luizmarferreira,oswaldojor
Renatolaranna,taoquei1
lpaulagomes,taoquei1
simonert,taoquei1
suruagymotta,taoquei1
Mariattlaureano,oswaldojor
SrtaLee38,oswaldojor
RogrioS98077351,oswaldojor
lilian_lucchin,oswaldojor
leovikn,oswaldojor
SelaniraB,oswaldojor
Ricardokiari,oswaldojor
BIOHAZARD003,oswaldojor
amr5858,oswaldojor
wellingtonlf,oswaldojor
LeandroTrajano8,oswaldojor
Cintia75163707,oswaldojor
artbranco,oswaldojor
Vortiger4,oswaldojor
Paulodayvid2,BolsoTrumpRaiz
Lucinha30976444,oswaldojor
Stanley_Alves,oswaldojor
Suelenbernardes,oswaldojor
amparo83934203,oswaldojor
mabolfarini,oswaldojor
mcasimoes57,oswaldojor
drandregusmao,oswaldojor
EduardoNegraes,oswaldojor
sil_sra,oswaldojor
RannayOliveira,oswaldojor
golden_ep,oswaldojor
MarcosMarcondes,oswaldojor
LuisFer23441812,oswaldojor
JorgeLu05493310,oswaldojor
ARIG9L,oswaldojor
mccancellier,oswaldojor
zoranmariaa,oswaldojor
AliDino82,oswaldojor
Bolsonaristara1,oswaldojor
helenamaria2012,oswaldojor
WiliamBamBam,oswaldojor
OxLerik,oswaldojor
PauloMFGARCIA,oswaldojor
regina_magalha,oswaldojor
RuiOsorio_,oswaldojor
HiramAlvim,oswaldojor
egbertorodrigu9,oswaldojor
MarivoneMendes,oswaldojor
JoceaneSilva4,oswaldojor
jhoao,oswaldojor
viedsoneto,oswaldojor
RodrigoF70,oswaldojor
NevesKings,oswaldojor
guel_figueiredo,oswaldojor
FrankRaniere,oswaldojor
tofanelli_erica,oswaldojor
ambrosiodalail1,oswaldojor
Glorinn,oswaldojor
gilbertok10,oswaldojor
Sogrommg,oswaldojor
HMS_Eduardo,oswaldojor
carvalhojf09,oswaldojor
jrdsbeto,oswaldojor
JosMarcelodoNa3,oswaldojor
IndignoBrasil,oswaldojor
odair655,oswaldojor
RODRIGOPADUA100,oswaldojor
roberto07039444,oswaldojor
PEC56URGENTE,oswaldojor
VilmaSerranode2,oswaldojor
Gersonfersfilho,oswaldojor
LucioPESCADOR,oswaldojor
Julianasf09,oswaldojor
JosVieiraMarti1,oswaldojor
JoaoAleixo13,oswaldojor
Adriana67579948,oswaldojor
Dinuza3Dinuza,oswaldojor
chafurdius,oswaldojor
heldergool,oswaldojor
roberto63737508,oswaldojor
Tadeu78423335,oswaldojor
DomTranquilo,oswaldojor
EdvaldoLacerd10,oswaldojor
thitizinha,oswaldojor
AnaNascimenProf,oswaldojor
edu_campelo,oswaldojor
JoaoScheibel,oswaldojor
DoRonivon,oswaldojor
elisabeterando,oswaldojor
RICKRGF,oswaldojor
xandumalin,oswaldojor
saharabrasil,oswaldojor
Reinald00173604,
AdrianoJorgeGo2,oswaldojor
antikuariun,oswaldojor
KarinaRezendeB1,oswaldojor
wsaillen25,oswaldojor
eleitor73,oswaldojor
SuelyTonin,oswaldojor
EzequielBPerei1,oswaldojor
barretovbs,oswaldojor
HungriaLi,oswaldojor
chrcolorado,oswaldojor
mouraedu2,oswaldojor
DioneCordeiro5,oswaldojor
Michael64691381,oswaldojor
DuarteRomilda,oswaldojor
EDWALDOTL01,oswaldojor
mc19092018,oswaldojor
RooseveltGDeCa8,oswaldojor
ELMenegatti,oswaldojor
arloedes,oswaldojor
CarlaNantua,oswaldojor
MARIAANANEVES,oswaldojor
romanoluppa,oswaldojor
Will33048810,oswaldojor
1Cadeia,oswaldojor
suruagymotta,oswaldojor
BmErimar,oswaldojor
Wanderpires4,oswaldojor
araguaci,oswaldojor
marcioem,oswaldojor
Lusa22716314,oswaldojor
campelo_keyla,oswaldojor
viviapmeireles,oswaldojor
laerciogody,oswaldojor
meccneto,oswaldojor
santana_tallita,oswaldojor
HilzaMariaButti,oswaldojor
abilasdoTO,oswaldojor
Marioforweb,oswaldojor
Barbaraebiel,oswaldojor
Brenocintra4,oswaldojor
PisaniGuilherme,oswaldojor
JeanNazario,oswaldojor
Luclima3,oswaldojor
2026Eloy,oswaldojor
pcezar31,oswaldojor
jotaefe2805,oswaldojor
MeloLuska,oswaldojor
EduDuduSP1,oswaldojor
zirleipereira,oswaldojor
Rosilandia11,oswaldojor
LauraCrystina,oswaldojor
Tosatti_75,oswaldojor
MariadaGracaFr3,oswaldojor
JohnMot62039918,oswaldojor
Cosme24973359,oswaldojor
mauro_meir,oswaldojor
mariacarmo235,oswaldojor
Santos_SCF,oswaldojor
LuizBar98124809,oswaldojor
Daniela67588843,oswaldojor
elton196312,oswaldojor
CarlaCa94235416,oswaldojor
DouglasLSantos,oswaldojor
JoelsonLucenaBR,oswaldojor
CristianeTeod16,oswaldojor
AnaMari97672384,oswaldojor
dioneiavieira2,oswaldojor
FabianoSSantana,oswaldojor
DivinaRamosdeC1,oswaldojor
ReginaConte3,oswaldojor
Ane62904983,oswaldojor
CelsoDavidGOME2,oswaldojor
KyrAugusto,oswaldojor
PatriotaPricil1,oswaldojor
sergiopiraque,oswaldojor
NiltonPinheir,oswaldojor
kimlau_kim,oswaldojor
deliointronno,oswaldojor
ribei_lemos,oswaldojor
sarah_ceni,oswaldojor
RobertSzymansky,oswaldojor
FuedAmim,oswaldojor
DavidRi66650282,oswaldojor
dsbelchior,oswaldojor
GertKris,oswaldojor
asales7,oswaldojor
coelho_socorro,oswaldojor
IItsTimeBrasil,oswaldojor
FakeNews38,oswaldojor
LucasFe85455681,oswaldojor
FabioHenPeixoto,oswaldojor
Rita91066522,oswaldojor
Democrito_Rodri,oswaldojor
GeovaniFrana1,oswaldojor
CarlaSoaresdeC1,claudio61113829
Vagnovpc,oswaldojor
douradosms5,oswaldojor
ivanizetg,oswaldojor
antniohermoso11,oswaldojor
SergioL94494573,oswaldojor
GladstonVeloso,oswaldojor
ElyMarola,oswaldojor
mariomil691,oswaldojor
raquel_tourinho,oswaldojor
CarlosG38943246,oswaldojor
sergiol_oliveir,oswaldojor
lembrancas,oswaldojor
smbecerra,oswaldojor
nadiateixeiraa1,oswaldojor
jtaveirajr,oswaldojor
juarezrds,oswaldojor
ga70alexandre,oswaldojor
EduuMagali,oswaldojor
landitw,oswaldojor
DecoVelascos,folha
brian_colonel,oswaldojor
PauloCarrani,oswaldojor
andrego96010482,oswaldojor
onorialacerda,oswaldojor
IsraelN93579039,oswaldojor
MarcusMoura1972,oswaldojor
Gilbert_gyba,oswaldojor
carlosBiola,oswaldojor
jonathas380,oswaldojor
welling11799444,oswaldojor
angelagindri43,oswaldojor
Tereza4249,oswaldojor
PrCharlles,oswaldojor
MariaJosDosRei5,oswaldojor
a10nogueiraa,oswaldojor
Assemblador,oswaldojor
Rosadeacucar,oswaldojor
otofredy,oswaldojor
dorivas5,oswaldojor
AliceIgreja,oswaldojor
RicardoMdeRese1,oswaldojor
Myrnaagain1,oswaldojor
ReheGarcia,oswaldojor
LeoFlecheiras,oswaldojor
BeatrizMendonc2,oswaldojor
FrankBros,oswaldojor
CidaCrivelaro,oswaldojor
Sobrevi13163285,oswaldojor
patriotacomamor,oswaldojor
NavarroHeron,oswaldojor
luizalb81725374,oswaldojor
DboraA20,oswaldojor
IsraelPatriota1,oswaldojor
LanyLim73042918,oswaldojor
daniela60981799,oswaldojor
ALopes150880,oswaldojor
Iza_Franco55,oswaldojor
JOSELUIZMELLO,oswaldojor
Douglas63611274,oswaldojor
MarcioOivi,oswaldojor
CilenePaschoal,oswaldojor
AnaHerr68016722,oswaldojor
roupasdesaojor1,oswaldojor
Walkirio4,oswaldojor
wander2008w,oswaldojor
DanBaiano,oswaldojor
adricafrazao,oswaldojor
MerlaineK,oswaldojor
Henry50Rosas,oswaldojor
MarleneWodnow,oswaldojor
claudio61113829,AmendoncaMJSP
ailsonlf,oswaldojor
1letra,oswaldojor
PauloVicentede9,oswaldojor
Djan00392004,oswaldojor
BRALXXII,oswaldojor
HAJ1961,oswaldojor
ValdecirFSantos,oswaldojor
edishi62,oswaldojor
HLascane,oswaldojor
caldeira310397,oswaldojor
slzr1,oswaldojor
ItamarciaA,oswaldojor
REGINAOUTEIRO,oswaldojor
marcelosalest,oswaldojor
mariapombo0421,oswaldojor
AquilesConan,oswaldojor
gianlamarereis,oswaldojor
ThainaGava,oswaldojor
Roney86563626,oswaldojor
Magnode88853803,oswaldojor
ReginaldoLuizr1,oswaldojor
BolsomnionRobo1,oswaldojor
Silveir40803745,oswaldojor
GilDourado14,oswaldojor
Robert_jus,oswaldojor
Cecilia14555612,oswaldojor
MazinhoRjRio,oswaldojor
Alexneck,oswaldojor
Epmoraes2,oswaldojor
Assuno65543547,oswaldojor
LaiaraSantos9,oswaldojor
lightWarriorNe,oswaldojor
ss_edivaldo,oswaldojor
brasilforsale,oswaldojor
LadieDhe,oswaldojor
cacauguimaraes,oswaldojor
ismeniacristin7,oswaldojor
Velejador2,oswaldojor
LFAraujo77,oswaldojor
magdielnascimen,oswaldojor
RosiclerCantar1,oswaldojor
ArturBr04893148,oswaldojor
EliasLaurindoP1,oswaldojor
DanielmDinizju2,oswaldojor
Ale_sntan,oswaldojor
magno2099,oswaldojor
TurnrighTTTT,oswaldojor
Andrea_FCCosta,oswaldojor
SantosWilmaG,oswaldojor
CarlosFurlanet2,oswaldojor
ValdirLazarini,oswaldojor
3jrp,oswaldojor
JUNIOR90824842,oswaldojor
Ganchodedireita,oswaldojor
MariannaBonilha,oswaldojor
vrchaves1968,oswaldojor
Valente38Carla,oswaldojor
JoacirKasper,oswaldojor
tinellizu,oswaldojor
Rodrigo89762406,oswaldojor
lumymary,oswaldojor
niemeyerh58,oswaldojor
Adinan90978048,oswaldojor
MarcioCS6,oswaldojor
zfabrogmailcom,oswaldojor
Alexmas1,oswaldojor
JairJr64130390,oswaldojor
ClaudioLuz_,oswaldojor
joaobatistaroc5,oswaldojor
leitaogmr,oswaldojor
Fabio60557036,oswaldojor
Osmar44161459,oswaldojor
beduschic,oswaldojor
BeatrizMaia2015,oswaldojor
PauloRobRocha,oswaldojor
MurialdoM,oswaldojor
Mavde1,oswaldojor
Deiviso99700478,oswaldojor
SimoneV22035445,oswaldojor
BOLSONAROSEMP10,oswaldojor
lsfortes,oswaldojor
JorgeMurilo,oswaldojor
calbenoar,oswaldojor
cresofigueiredo,oswaldojor
Paulogremista46,oswaldojor
nadiaMota8,oswaldojor
Exterminador_38,oswaldojor
ViolinSilvana,oswaldojor
DyegoSaif,oswaldojor
brunoximes,oswaldojor
GilberlandiaG,oswaldojor
Sonniamar1,oswaldojor
joz_fernandes,oswaldojor
haramisj,oswaldojor
FMachado1986,oswaldojor
Iderlandio74,oswaldojor
Michele17287600,oswaldojor
Rosa71443276,oswaldojor
desouza_valmir,oswaldojor
ln1963,oswaldojor
Rynaldo_Nako,oswaldojor
Daniel52533649,oswaldojor
mrsingedlol,oswaldojor
AngelBITTENCOU2,oswaldojor
007AvanteBrasil,oswaldojor
EsterArajoAndr1,oswaldojor
romaocostaadv,oswaldojor
dielmatos,oswaldojor
nandorappa40,oswaldojor
mariete_mm,oswaldojor
drguinm,oswaldojor
WeslleyDNasc,
Joabemborges,oswaldojor
Ro_Naldu,oswaldojor
tirolesa555,oswaldojor
VaguinhoEisenh1,oswaldojor
luizseguros01,oswaldojor
iaiabemcasados,oswaldojor
paulofs2002,oswaldojor
_marcelo_elvis,oswaldojor
MARCIOTICOS,oswaldojor
beto73154,oswaldojor
servi_vero,oswaldojor
Leninha2022,oswaldojor
LuizEloy,oswaldojor
norram79,oswaldojor
rag60999828,oswaldojor
WaldineeyO,oswaldojor
brasil2506,oswaldojor
Patrici81564754,oswaldojor
DouglasTLacerda,oswaldojor
franbarbosaac,oswaldojor
Thereza12979987,oswaldojor
sdoliv01,oswaldojor
_Bilux,oswaldojor
Adriano02609980,oswaldojor
Adriano60576026,oswaldojor
Isaahhhhh,oswaldojor
ClaudioSSMendes,oswaldojor
Renata80938347,oswaldojor
AnglicaMar1,oswaldojor
Marcia40550587,oswaldojor
SilMari28602999,oswaldojor
Marileide231973,oswaldojor
GersonC69667021,oswaldojor
Coracaovalentt,oswaldojor
adriana_foltran,oswaldojor
alga010,oswaldojor
SMiagui,oswaldojor
Rodrigocn30,oswaldojor
iracema08423887,oswaldojor
SilvaNeilon,oswaldojor
JMDICO2022,oswaldojor
lucas777tavares,oswaldojor
DiniCamargo,oswaldojor
Leonardoadami2,oswaldojor
Mmoreirabarreto,oswaldojor
wagnerpnogueira,oswaldojor
mariame77095295,oswaldojor
luizcarlosjr,oswaldojor
tmjconservadora,oswaldojor
HAROLDOEVANGELI,oswaldojor
Izabel93470946,oswaldojor
de_revanche,oswaldojor
Andr89439813,oswaldojor
Luciano50927941,oswaldojor
klauswolffbr,oswaldojor
josmael18,oswaldojor
CirlenePonce,oswaldojor
fabiohpires,oswaldojor
fatima_alaide,oswaldojor
mario_vile,oswaldojor
VivianDesousap1,oswaldojor
JooCarl42530611,oswaldojor
MrcioVi01642133,oswaldojor
MARTAPRUDENTE2,oswaldojor
AguinaldoPetrin,oswaldojor
icosro,oswaldojor
Debbaranowski,oswaldojor
SebastioRegina1,oswaldojor
RosyFer07749633,oswaldojor
marinetistella,oswaldojor
JuAndrade2412,oswaldojor
cleibelarmino,oswaldojor
marctbi,oswaldojor
CaramaschiMaria,oswaldojor
AntnioAmbrosi10,oswaldojor
korndorfercris,oswaldojor
SpiderPatriota,oswaldojor
Aquivai2,oswaldojor
Billy_Simmons82,oswaldojor
VanCsgomes,oswaldojor
edivpereira,oswaldojor
Claudio82578184,oswaldojor
Venuto761,oswaldojor
iodelson,oswaldojor
Que_Merda_Meu,oswaldojor
Orgulho38,oswaldojor
diga_ai,oswaldojor
MariaSaboia2,oswaldojor
allexandreedf,oswaldojor
IgorRoberttoo,oswaldojor
MauroSo111,oswaldojor
Yellowbird77777,oswaldojor
CassiaBolso38,oswaldojor
v_mises,oswaldojor
tarcisio_gama,oswaldojor
RicardoPolessi,oswaldojor
CaioLuisRibas1,oswaldojor
appaulomenezes,oswaldojor
srsaopaulo,oswaldojor
ElianeN56724209,oswaldojor
AnaBaldy,oswaldojor
seteeng,oswaldojor
rosivaldocorrea,oswaldojor
batmanreaca,oswaldojor
Agnaldo36586320,oswaldojor
JR90299749,oswaldojor
Paulo_Tozzatt,oswaldojor
vinidelfrari,oswaldojor
rosacosta_40,oswaldojor
Deni_Bacelar,oswaldojor
Isaura07191422,oswaldojor
anndrebelem,oswaldojor
Rosanimarlifern,oswaldojor
ildete_dos,oswaldojor
joaoarthurbmaia,oswaldojor
sevla2011,oswaldojor
welington2806,oswaldojor
wernerncoelho,oswaldojor
Fcerb1,oswaldojor
LuizCludioCarv4,oswaldojor
eon7love,oswaldojor
Maclia1,oswaldojor
Pinahertz,oswaldojor
LuluzinhaReaca,oswaldojor
barth_lisia,oswaldojor
fsspaladum,taoquei1
Wilson19072874,oswaldojor
Bolsotrooper38,oswaldojor
JujudeBH,oswaldojor
VivaldoJr2012,oswaldojor
Marco71387471,oswaldojor
Antoniobaia6,oswaldojor
CleberWCardoso1,oswaldojor
CunhaJacc,oswaldojor
Hemmer1111,oswaldojor
RenataUmiji,oswaldojor
cassiagontijo,oswaldojor
AndrewF7969,oswaldojor
analuciaalvim1,oswaldojor
cleidisonba2004,oswaldojor
rogeriomdb,oswaldojor
Billgazzola,oswaldojor
alessafla7,oswaldojor
Ozielleizo0877,oswaldojor
dm15ADM,oswaldojor
paulo2271,oswaldojor
cmm020202,oswaldojor
Giordano_lima,oswaldojor
jwmirisola,oswaldojor
MLauramcamp,oswaldojor
BuarqueShirley,oswaldojor
Atilarogergona1,oswaldojor
2Kellynda5,oswaldojor
SParangaba,oswaldojor
Mm_MMoraes,oswaldojor
gomide200,oswaldojor
CarlosD85741935,oswaldojor
AndreLCarlos,oswaldojor
AnaMecucci,oswaldojor
thaise_hercos,oswaldojor
zemviana,oswaldojor
G20VAN2,oswaldojor
SilasMoreno2,oswaldojor
Tati49528339,oswaldojor
Leonard16680682,oswaldojor
Leo23113007,oswaldojor
Lkarlyle,oswaldojor
JerryLandru,oswaldojor
Veraluzz,oswaldojor
SimoneTiaZap,oswaldojor
DelcyDias1,oswaldojor
rubenssilvas,oswaldojor
HmsmMaria,oswaldojor
SandySi67309463,oswaldojor
UmbelinoSilva,oswaldojor
plinio357,oswaldojor
AlexandreAGMart,oswaldojor
siqueira_newton,oswaldojor
LigiadeAssis,oswaldojor
marciomaximian5,oswaldojor
dezim78191830,oswaldojor
kitoneto,oswaldojor
niltonmachado53,oswaldojor
monteironegoci1,oswaldojor
IsaNunes10,oswaldojor
angelagois2,oswaldojor
ConservadordoB,oswaldojor
MrciaR6,oswaldojor
CristaoDa,oswaldojor
tibrar,oswaldojor
JulioCo83822583,oswaldojor
Genilsonmtb,oswaldojor
Mario98115040,oswaldojor
LeoCesar_VS,oswaldojor
PauloTribbiani,oswaldojor
RaquelSant38,oswaldojor
MariaTerezaVic3,oswaldojor
Manfred42793143,oswaldojor
RobertoFelizola,oswaldojor
juniormandu19,oswaldojor
TMVellego,oswaldojor
guskatikof2,oswaldojor
EdivanAs,oswaldojor
nigelcastro,oswaldojor
GutoMaulin,oswaldojor
EldyBarreto,oswaldojor
felipemauron,oswaldojor
Dneymouta,oswaldojor
kayo_fu,oswaldojor
Moacir11153553,oswaldojor
Arueira31,oswaldojor
maxwel_machado,oswaldojor
sisasantos,oswaldojor
ladodpatriota,oswaldojor
LimaLibero,oswaldojor
conservadoraal,oswaldojor
celtrautmam,oswaldojor
ZePaulo02,oswaldojor
JohnGALTnovo30,oswaldojor
Lilian14876478,oswaldojor
Valente_Marcao,oswaldojor
GiselySippert,oswaldojor
iandersonmaia,oswaldojor
Cynthiahad,oswaldojor
ERocchigiani,oswaldojor
Priscilaliras11,oswaldojor
GeorgePdMeneses,oswaldojor
ESPeddieP,oswaldojor
Alexand53199320,oswaldojor
AmaralLeda,oswaldojor
NanaF13832407,oswaldojor
AlfanoEliane,oswaldojor
Miguela03604281,oswaldojor
gustmendes_33,oswaldojor
Paulo07579689,oswaldojor
ThiagooterrorNE,oswaldojor
MeupartidooBra1,oswaldojor
AmigurumiNizze,oswaldojor
italoazevedo21,oswaldojor
Lrasquilha,oswaldojor
Joilsonjjjj,oswaldojor
angelitadu1,oswaldojor
ruas_ronaldo,oswaldojor
SamuelR36011855,oswaldojor
vanessaamorim_,oswaldojor
arsol2018,oswaldojor
alvimneto1,oswaldojor
AGNALDO06784128,oswaldojor
kellyyasmin38,oswaldojor
Mirianleiarocha,oswaldojor
MarciaMenegas,oswaldojor
mvalf,oswaldojor
marcelogan,oswaldojor
ailton_tadeu,oswaldojor
VIRGINIAGROSSE2,oswaldojor
eduardoberton12,oswaldojor
samguazzelli,oswaldojor
RjmmRicardo,oswaldojor
Evandro92067669,oswaldojor
Valusa,oswaldojor
EFRamos,oswaldojor
Gianamonteggia,oswaldojor
AndersonLins8,oswaldojor
sergio_ramos01,oswaldojor
filhaao,oswaldojor
ronaldomonteir0,oswaldojor
AmadeusTavares,oswaldojor
CristianoBMatos,oswaldojor
LuizFel51221077,oswaldojor
cutrao,oswaldojor
adrielgc,oswaldojor
CelioBolsonaro,oswaldojor
CJR07203107,oswaldojor
RubemAmorim1,oswaldojor
Miguel97957342,oswaldojor
Davirodrigussa1,oswaldojor
xt_and,oswaldojor
beltraomartins,oswaldojor
MartaRabelloSa1,oswaldojor
KatiaCX1,oswaldojor
Alexandre129170,oswaldojor
paulazanelli,oswaldojor
22lu_araujo,oswaldojor
BeneditoNoise,oswaldojor
MrioMrio2,oswaldojor
Juliovascao98,oswaldojor
robertacafe,oswaldojor
SedenirH,oswaldojor
DrJlioCsarVasc2,oswaldojor
AdrianoAlvesDi4,oswaldojor
CeciliaRitaDeC1,oswaldojor
Maryna13882318,oswaldojor
Giunes,oswaldojor
vpN8CteZ3SPnDci,oswaldojor
Alexsilva976,oswaldojor
CarmeloPeixoto,oswaldojor
pietrolovsky,oswaldojor
FatimaSinotti,oswaldojor
_Capthe,oswaldojor
Taciomanchester,oswaldojor
Jcauzier,oswaldojor
AlziraMMSFS,oswaldojor
remescarvalho,oswaldojor
Dambiski,oswaldojor
Roctbas,oswaldojor
elisonfurlan,oswaldojor
Gr0115gabriel,oswaldojor
AnjoDigital38,oswaldojor
Jambock67,oswaldojor
AnderTorres5,oswaldojor
jcsnGuarulhos,oswaldojor
Sergio100Brasil,oswaldojor
IiiVult,oswaldojor
Brunofecaio,oswaldojor
stardustcompres,oswaldojor
Lecafa70,oswaldojor
CynthiaHaddad19,oswaldojor
selmaver,oswaldojor
SauloLucasDosS1,oswaldojor
Anderso28127983,oswaldojor
alvaro_della,oswaldojor
PAULONETO231267,oswaldojor
Marcosjose3838,oswaldojor
Luciano94703692,oswaldojor
wsilva1972,oswaldojor
BartokJb,oswaldojor
FedrizziGeorge,oswaldojor
alisonvilasboas,oswaldojor
AnadulceDe,oswaldojor
HatakeK21044650,oswaldojor
modilasegantin,oswaldojor
RedPill1024,oswaldojor
AndreaA00163221,oswaldojor
euvaldo_miranda,oswaldojor
elinhometal,oswaldojor
maevicentini,oswaldojor
macfelsp,oswaldojor
alvaroneto751,oswaldojor
IsraelRebouas2,oswaldojor
igor__frazao,oswaldojor
HenriqueMarq100,oswaldojor
Renata65055303,oswaldojor
dias_bet,oswaldojor
Henriqu67746168,oswaldojor
hasdg25,oswaldojor
Juarez97163035,oswaldojor
FredCardita,oswaldojor
FCHAGASMEDEIROS,oswaldojor
CristianeKrug,oswaldojor
FMagaldi1,oswaldojor
edimarebs888,oswaldojor
AureaBeninca,oswaldojor
Ziluz2,oswaldojor
Luppi_LPP,oswaldojor
gabygcaceres,oswaldojor
AndersonSman,oswaldojor
AlambertDe,oswaldojor
EAssopra,oswaldojor
MarcosPenteado9,oswaldojor
JorgeLu86453806,oswaldojor
NinaMartinsb,oswaldojor
emiliomsouza,oswaldojor
Diasfernandoju,oswaldojor
Claudioffontess,oswaldojor
marci_nhaa,oswaldojor
lk_alma,oswaldojor
AntonietaMonta3,oswaldojor
franklinpercus1,oswaldojor
fernandomafra07,oswaldojor
Marjo59966564,oswaldojor
lisboa_adriel,oswaldojor
BRASILFISCALL,oswaldojor
CorvoBico,oswaldojor
Pireko737,oswaldojor
joule_penna,oswaldojor
edilton_costa,oswaldojor
AndraBrito12,oswaldojor
AdanJonas2,oswaldojor
carlaobala,oswaldojor
rafaelaarcl,oswaldojor
adenauersampaio,oswaldojor
ALDOBELLELI,oswaldojor
EFurinho,oswaldojor
SenaConce,oswaldojor
pas2001,oswaldojor
MartaMaiaReis2,oswaldojor
intercessores,oswaldojor
tobiastavares1,oswaldojor
Babubuche,oswaldojor
SomosMaisBrasi1,oswaldojor
djasrsilva,oswaldojor
souzajose200,oswaldojor
atlas_6,oswaldojor
Gilbert26111561,oswaldojor
MarlianeCupido,oswaldojor
pankecamaceio,oswaldojor
MunizMatos,oswaldojor
liukangil,oswaldojor
humbertoschmar,oswaldojor
carlosaraujogyn,oswaldojor
ThadeuSampaio,oswaldojor
arthurprof_neto,oswaldojor
SilvanadeBessa,oswaldojor
JADIRSANTANA1,oswaldojor
RosSiDireitA,oswaldojor
efabianosantos,oswaldojor
NINO_PATRIOTA,oswaldojor
PorongoDe,oswaldojor
Adailto71324907,oswaldojor
SergioHaddad,oswaldojor
soulbrazuca,oswaldojor
marcelosimas3,oswaldojor
kaleovilar,oswaldojor
SammirSouza,oswaldojor
HrymalakJeane,oswaldojor
MacosHenrique2,oswaldojor
oscarmais12,oswaldojor
RenataArgollo,oswaldojor
GersoSantos,oswaldojor
woosmann21,oswaldojor
Carlosrj20001,oswaldojor
JussaraSKoerner,oswaldojor
MoscardiniTiago,oswaldojor
JuniorDJNatal,oswaldojor
MarcioArruda83,oswaldojor
Eilema71031965,oswaldojor
Rogrio70664145,oswaldojor
penelope137,oswaldojor
joabalbino,oswaldojor
OAnticomunista3,oswaldojor
Bolsomiriam38,oswaldojor
fcspjr81,oswaldojor
ritamarquesf55,oswaldojor
DoloresGuedes1,oswaldojor
biramarketing,oswaldojor
SidneyBeff,oswaldojor
faustoTna,oswaldojor
JFH84343564,oswaldojor
clovis_39,oswaldojor
soniadaud1,oswaldojor
LiliaAssis1,oswaldojor
marisagil3_gil,oswaldojor
Rennato_A,oswaldojor
servio_bb,oswaldojor
EgidioMachry,oswaldojor
Wanders61904362,oswaldojor
MrioPA1,oswaldojor
rafaelsgava,oswaldojor
Dudu_2009Engler,oswaldojor
Marc49machado,oswaldojor
olianeprado,oswaldojor
Reinald00173604,TSEjusbr
SartiniLuiza,oswaldojor
Rai_Sena27,oswaldojor
chagasfilho2014,oswaldojor
Reinald00173604,TSEjusbr
edqmc,oswaldojor
LJacopetti,oswaldojor
de_cogliandro,oswaldojor
kmeliuskas,oswaldojor
Augusto64925015,oswaldojor
mariocaxuiana,oswaldojor
Peruchi19,oswaldojor
LaraK1407,oswaldojor
AlvaroN06772970,oswaldojor
wilissiqueira1,oswaldojor
NdiaFalco,oswaldojor
RefaEC_,oswaldojor
MurielMartinel9,oswaldojor
VilmaThomasCos1,oswaldojor
BrennaAssis1,oswaldojor
Opash8,oswaldojor
EberOliveiraUdi,oswaldojor
misso2_,oswaldojor
Autroming,oswaldojor
calolus3,oswaldojor
FredyRodovalho,oswaldojor
AndrePeroba10,oswaldojor
gigiofla,oswaldojor
Dalmo1969,oswaldojor
AryMaia1986,oswaldojor
MarcioBrasilei3,oswaldojor
nu_paulinha,oswaldojor
Luciana84119963,oswaldojor
SandroRogerioT2,oswaldojor
FernandoDoniz19,oswaldojor
robodobozonar,oswaldojor
Antonio40867082,oswaldojor
LuisCar13544202,oswaldojor
PaciniJoao,oswaldojor
SoniaPatriotaJB,oswaldojor
albertosslima,oswaldojor
TitoTitito77,oswaldojor
RubensCSilva4,oswaldojor
IzabellaNogh,oswaldojor
Denneralmeidars,oswaldojor
WanderLee2,oswaldojor
TadeuPena2,oswaldojor
Josbrsousa,oswaldojor
marionegocio,oswaldojor
TomLima777,oswaldojor
AARodrigues2,oswaldojor
juremacsm,oswaldojor
STurqueti,oswaldojor
LekoZanona,oswaldojor
CarlosGeorgeFr1,oswaldojor
PauloAlexNasci1,oswaldojor
Ramon70453944,oswaldojor
NaPadrao,oswaldojor
rcsareis,oswaldojor
CarlosAMLemos1,oswaldojor
Historiador55,oswaldojor
Levizau_3,oswaldojor
huguinho45,oswaldojor
crisamaerick,oswaldojor
Welder26182656,oswaldojor
Luiz_H_Carvalho,oswaldojor
Carvalh61299508,oswaldojor
RaquelECelia1,oswaldojor
MarcioAlvesPai1,oswaldojor
tarouco_liane,oswaldojor
victortamoios,oswaldojor
EduSG,oswaldojor
ElisamaMF,oswaldojor
psrc_pj23,oswaldojor
clebcmc,oswaldojor
MarcusMartinho,oswaldojor
Eduard1003,oswaldojor
GeruzaTrindade,oswaldojor
marilimapsi,oswaldojor
antoniojoserj,oswaldojor
finotellicintia,oswaldojor
Brasil37449492,oswaldojor
LourivalFontes,oswaldojor
JooGiusti2,oswaldojor
Pedrosafilosof1,oswaldojor
Lindoma80646528,oswaldojor
roserjriohotma1,oswaldojor
Fabio_MCBDA,oswaldojor
karinbrinckmann,oswaldojor
_PatriotaBR_,oswaldojor
SilvaGSilva2,oswaldojor
Hortinho,oswaldojor
danissmathias,oswaldojor
Fabiomota73,oswaldojor
soaresmilano,oswaldojor
Lili_rs2016,oswaldojor
DionesAlex,oswaldojor
KumaRogerio,oswaldojor
ArthVillela,oswaldojor
VeraPer11455652,oswaldojor
FlvioFlavio4,oswaldojor
SibeleGuimarae2,oswaldojor
leoraposa,oswaldojor
PauloVencato,oswaldojor
FelipeHamachi,oswaldojor
ReginaldoHC2020,oswaldojor
Frankdeluca1801,oswaldojor
BetyOliveira8,oswaldojor
ricardodutrac,oswaldojor
michelinecoelho,oswaldojor
PaulAda34726563,oswaldojor
SchnitmanSchaun,oswaldojor
AnaMarc36729644,oswaldojor
joseluizdequei1,oswaldojor
arlindogm79,oswaldojor
CidadaoComum3,oswaldojor
RoniVilar,oswaldojor
Gengiskhhan,oswaldojor
fcnascimento38,oswaldojor
luizriba,oswaldojor
nhacnhac2017,oswaldojor
Cristia30960891,oswaldojor
alcarvalho0074,oswaldojor
RodrigoMarchi17,oswaldojor
ConservaDonna,oswaldojor
ppsir_com,oswaldojor
bazofia0305,oswaldojor
LeiteCelio,oswaldojor
OFlavioSouza,oswaldojor
epishi,oswaldojor
IlzaCosta7,oswaldojor
Ricavon,oswaldojor
MelechcoWalter,oswaldojor
TonyEduardo,oswaldojor
edbolsominiun,oswaldojor
Fernand31344497,oswaldojor
Veronicarita8,oswaldojor
Alevillela9,oswaldojor
RicardoFBogari,oswaldojor
RosaMariaPrado,oswaldojor
PauloMa84987149,oswaldojor
lucyprata2011,oswaldojor
RDL2001,oswaldojor
edted,oswaldojor
EdinhoPintado,oswaldojor
fernandoedudias,oswaldojor
nataliagreco,oswaldojor
ceruliansky1,oswaldojor
MarceloFP10,oswaldojor
ArobertoSa,oswaldojor
brasil_eloy,oswaldojor
Alessan94937982,oswaldojor
Igor59881,oswaldojor
Ezequiasns,oswaldojor
SilvanaMagalh19,oswaldojor
Ruicunh48778745,oswaldojor
RalphBSOliveir1,oswaldojor
AugustusLiberd1,oswaldojor
MarceloMouraD13,oswaldojor
CarlosbarbosaA3,oswaldojor
GenecyTomaz,oswaldojor
LuizEdu29812978,oswaldojor
AlessanderCLeit,oswaldojor
diegoannes1,oswaldojor
MarconiBSC,oswaldojor
ramosdopiaty,oswaldojor
BrottoLuciene,oswaldojor
s2traderoficial,oswaldojor
ReginaLobato8,oswaldojor
Adriano34071239,oswaldojor
JoaoMoura1981,oswaldojor
Neyre20,oswaldojor
BorcathFernando,oswaldojor
sbenathar,oswaldojor
Anel57509898,oswaldojor
carsthians,oswaldojor
AleRemelli,oswaldojor
RosaneOviedo,oswaldojor
anamoretto2011,oswaldojor
CarlaSoaresdeC1,oswaldojor
robsonsodre10,oswaldojor
JotaFloripa,oswaldojor
LuizaElenaSoar1,oswaldojor
thehoneybadgerD,oswaldojor
herculanosp,oswaldojor
clesiafraga,oswaldojor
cria2004,oswaldojor
RODRIGOSEPULCRI,oswaldojor
yellowlucia,oswaldojor
LipeMatos4,oswaldojor
JeffsAndrade,oswaldojor
AlexCalzolari2,oswaldojor
BRAPatriota,oswaldojor
BelizarioRosso,oswaldojor
Erikaaz14956054,oswaldojor
MarceloSM0395,oswaldojor
FelixRosmary,oswaldojor
5zt1nm6mMokyh99,oswaldojor
luanemaira,oswaldojor
jcjcezar,oswaldojor
mariajovelina2,oswaldojor
AndreFelipetwit,oswaldojor
suzanaregina17,oswaldojor
DarciLScariot,oswaldojor
pastor_marcel,oswaldojor
IvanildoAbrahao,oswaldojor
helenagsoo,oswaldojor
rosahst,oswaldojor
jeffermanjj,oswaldojor
reflexaobiblica,oswaldojor
carprado,oswaldojor
MarcoAssis1980,oswaldojor
bcbm15,oswaldojor
Flaviobb2020,oswaldojor
Adriano64767661,oswaldojor
prmarioalegria2,oswaldojor
veralsou,oswaldojor
itaginoM,oswaldojor
MaariOliiveira,oswaldojor
Bade38558830,oswaldojor
roedi23,oswaldojor
AnaCMariaF,oswaldojor
JeaneRo93627147,oswaldojor
CharlotteJustM,oswaldojor
EmersonCatalan4,oswaldojor
rosanalimaroch1,oswaldojor
CletoClairton,oswaldojor
marciomarquer,oswaldojor
Marquinhosr,oswaldojor
elisang200374,oswaldojor
CarolusEduardus,oswaldojor
RonaldAparecid9,oswaldojor
Pamelajeferson1,oswaldojor
AthyllaBastos,oswaldojor
Lude7L,oswaldojor
destro_robo,oswaldojor
andreltr,oswaldojor
AnaLuci19497629,oswaldojor
ValterRibeiroM1,oswaldojor
RosanaSilvino,oswaldojor
Rodrigo99792300,oswaldojor
AnaElviraOlivei,oswaldojor
PBiazeti,oswaldojor
ggeminiano,oswaldojor
ngueiros,oswaldojor
ofez22,oswaldojor
JoelPsic,oswaldojor
dradeborasousa,oswaldojor
marparejasan,oswaldojor
danield03517031,oswaldojor
MarcosA64732344,oswaldojor
CarlosZardok,oswaldojor
carlosernestoaq,oswaldojor
Maiconboscaini_,oswaldojor
direitizta,oswaldojor
RobsonF91678435,oswaldojor
diniz_elder,oswaldojor
MaristellaOliv1,oswaldojor
Roberto_68092,oswaldojor
MelloLeli,oswaldojor
WashCampos,oswaldojor
MasdianTelas,oswaldojor
ElisangelaTabo3,oswaldojor
VeraDiluccia2,oswaldojor
nancimeirelles,oswaldojor
MaPatsch,oswaldojor
wellington0284,oswaldojor
casuruara,oswaldojor
FBaruchBrasil,oswaldojor
Maximil73240243,oswaldojor
Lorem22579127,oswaldojor
PedroAn11225445,oswaldojor
Jluizc1,oswaldojor
ToniDaviCarval1,oswaldojor
Joelson_Adson,oswaldojor
Wiltatu2,oswaldojor
WMarcheni,oswaldojor
TellesCelso,oswaldojor
Alex78596901,oswaldojor
TeodoraCoimbra,oswaldojor
banybernardo,oswaldojor
BalsanubCandido,oswaldojor
Plato14181684,oswaldojor
CariocadoPorto,oswaldojor
Marcos96260432,oswaldojor
SepCleyton,oswaldojor
ElenPadilha_,oswaldojor
nericwb,oswaldojor
IIntimo,oswaldojor
paznaterra,oswaldojor
OdairRabelo,oswaldojor
RibeiroValdimir,oswaldojor
crmeier09,oswaldojor
mark_oficialll,oswaldojor
gleisermota,oswaldojor
Leao_Go,oswaldojor
aliancanobre,oswaldojor
GLOU53,oswaldojor
cristianeperuc1,oswaldojor
JoaoMess,oswaldojor
gofish_deby,oswaldojor
skipperlima,oswaldojor
Vandalpessoa,oswaldojor
RitaCRafaeli,oswaldojor
DasIracema,oswaldojor
Endireitando7,oswaldojor
eduardo_bas,oswaldojor
PBFTatico,oswaldojor
77mayconmourao,oswaldojor
suzana16191874,oswaldojor
brasil_ero,oswaldojor
MarceloParanho8,oswaldojor
almeda_sales,oswaldojor
RicardoGrossi7,oswaldojor
paulamarcela034,oswaldojor
Vitoria50901012,oswaldojor
zofulasi,oswaldojor
LUAH0308,oswaldojor
sergebhours,oswaldojor
PSMTavares,oswaldojor
DiogoChinna,oswaldojor
DutraMauro,oswaldojor
Carly81140016,oswaldojor
RolimTeresa,oswaldojor
SanchoMoreira,oswaldojor
leomed_rov,oswaldojor
machotoxicogma1,oswaldojor
VilacaCidinha,oswaldojor
raphaelselva,oswaldojor
RPG27050264,oswaldojor
RochsRosymag,oswaldojor
Miguel18960449,oswaldojor
sandroharley,oswaldojor
ISilva39,oswaldojor
fera2k,oswaldojor
Hildetecarvalh1,oswaldojor
AirtonJrjiu,oswaldojor
JuniorValter6,oswaldojor
DhomnCRF,oswaldojor
admtalesmartins,oswaldojor
Lucydelima5,oswaldojor
ClauSkywalker1,oswaldojor
CesarRomeuPere1,oswaldojor
PaulMoraes58,oswaldojor
Egblan59,oswaldojor
Freire06215368,oswaldojor
arianepinto,oswaldojor
smaili_com,oswaldojor
android_marcos,oswaldojor
STrabalhando,oswaldojor
Luckpatriota,oswaldojor
Luizz02479540,oswaldojor
ribeiro_yvonne,oswaldojor
FerreiraCardin,oswaldojor
ClaudiaSchutz1,oswaldojor
josessoluza,oswaldojor
Wgner,oswaldojor
Luka10871610,oswaldojor
GrazielaFaria19,oswaldojor
AcupunturaSelma,oswaldojor
zeboro50,oswaldojor
Trita1952,oswaldojor
JosLuizMendes5,oswaldojor
mariahs058,oswaldojor
TioSam82,oswaldojor
lldesouza,oswaldojor
toledo_gerson,oswaldojor
PauloAAbel,oswaldojor
franca_nadson,oswaldojor
kleberBLoureir2,oswaldojor
jacas34,oswaldojor
GercionM,oswaldojor
Cesar63944030,oswaldojor
JosRobe26224351,oswaldojor
garnov01,oswaldojor
DaniloChach1,oswaldojor
ebervasjr,oswaldojor
Alice38978168,oswaldojor
Wilian99234500,oswaldojor
Felink21,oswaldojor
laschiavonc,oswaldojor
Nicocesaro,oswaldojor
rclipe23,oswaldojor
JMercoli,oswaldojor
mariana48832954,oswaldojor
pauleira72,oswaldojor
moanevesjr,oswaldojor
ameliapmendes,oswaldojor
Eduardo60817885,oswaldojor
JorgeReccartec,oswaldojor
FabiaSaif,oswaldojor
JaimePedroDaSi3,oswaldojor
AristotelesVia,oswaldojor
DROGALAR01,oswaldojor
de_pasqualeto,oswaldojor
tecmonte,oswaldojor
Andr79919539,oswaldojor
diamantelilas,oswaldojor
ISAURACRISTINA1,oswaldojor
dicavallcante2,oswaldojor
Josegarcian,oswaldojor
riquemf06,oswaldojor
ednaldo53383712,oswaldojor
AyurvedaPoa,oswaldojor
AlexNogueiraSP,oswaldojor
moisesalba,oswaldojor
Autecltda,oswaldojor
PeixotoJr1,oswaldojor
FabioRenatoCos1,oswaldojor
da_ceris,oswaldojor
SidineySantana1,oswaldojor
JosLeonardoClau,oswaldojor
Maricotia,oswaldojor
mrcarlaoadc,oswaldojor
NETO406,oswaldojor
ro_mgsdel,oswaldojor
quest_rik,oswaldojor
PAULOPARMM,oswaldojor
VeraBolsonaroda,oswaldojor
Betedna,oswaldojor
bonnieximena,oswaldojor
AlexWelisson,oswaldojor
CoelhEliane,oswaldojor
ProfGrocoski,oswaldojor
SimoneC89986861,oswaldojor
Edson46801475,oswaldojor
MarinilseO,oswaldojor
Sezibio1,oswaldojor
nadilaconss,oswaldojor
HlioVieiraDeBa2,oswaldojor
JosewilliamT,oswaldojor
ltannus,oswaldojor
TerezaFelipeGo,oswaldojor
Tri04Maria,oswaldojor
AyrtonPereirad1,oswaldojor
ricardobolsa,oswaldojor
Gilbert76186348,oswaldojor
Edilsonbrito42,oswaldojor
AurimarMelo,oswaldojor
CarlosMoura2311,oswaldojor
vera_cid,oswaldojor
_luizao_,oswaldojor
glaucomatos,oswaldojor
Mallowbr7,oswaldojor
Antonio79772220,oswaldojor
ZeliaPiazza,oswaldojor
JooClau17327304,oswaldojor
FGOMES66,oswaldojor
Fabi65207143,oswaldojor
RegineidJustin1,oswaldojor
jairolbbarros,FlavioL68299628
serafimleo,oswaldojor
SidneiR00401871,oswaldojor
IreceRib,oswaldojor
Renan36135349,oswaldojor
juliolovel,oswaldojor
Eduardo05038439,oswaldojor
GuiSilv22214851,oswaldojor
brasilianfan,oswaldojor
aurelio2201,oswaldojor
AnaMBolsonaro,oswaldojor
thbbrandao,oswaldojor
LinoJeova,oswaldojor
JooBati67871465,FlavioL68299628
JucileiaMoreir3,oswaldojor
betty_grosse,oswaldojor
Arcanjo_38,oswaldojor
AnisterjaneFerr,oswaldojor
SylosMarcello,oswaldojor
lenacardoso50,oswaldojor
Cristin15397362,oswaldojor
norisregina,oswaldojor
EdinhoGandolfi,oswaldojor
geraldo1963,oswaldojor
Cleo57759142,oswaldojor
StellaBraggio,oswaldojor
Cludio48838342,oswaldojor
abelferreira38,oswaldojor
claudiarkl,oswaldojor
OtaciliaPie,oswaldojor
JooBati67871465,oswaldojor
Magalhes051,oswaldojor
matias_tailor,MPF_PGR
leandrotimao07,oswaldojor
bidoia_ricardo,oswaldojor
O_Facinora,oswaldojor
Lindagestora1,oswaldojor
Ale_ABCFCBRASIL,oswaldojor
Bll010390,oswaldojor
ArqOliv,oswaldojor
diariodeguerra_,oswaldojor
luper2562,oswaldojor
PSIQEDU,oswaldojor
IRGSD1117,oswaldojor
JDIASANETO,oswaldojor
FlavioL68299628,
olddireita,oswaldojor
Nilson78339829,oswaldojor
ndazev,oswaldojor
HdCarioca,oswaldojor
Ricardo44788581,oswaldojor
votoemcedula,oswaldojor
MaatVillacian,oswaldojor
RenatoN41931202,oswaldojor
milton_moacir,oswaldojor
coachingmoura,oswaldojor
FNXConservadora,oswaldojor
joaopradorosa,oswaldojor
joaoagripino4,oswaldojor
botunoticias,
Josival74357757,oswaldojor
Felipexbr,oswaldojor
ThayBarr,oswaldojor
JoseConserva73,oswaldojor
MacielMouradac1,oswaldojor
LucioGoncalve12,oswaldojor
Marisete1982,oswaldojor
angelica_perina,oswaldojor
CidQuerido,oswaldojor
RosenunesM,oswaldojor
reocarrera,oswaldojor
WandChaveiro,oswaldojor
botunoticias,
ArameOvalado,oswaldojor
Alex_f_lima,oswaldojor
ronaldapis,oswaldojor
ricardotrilha07,oswaldojor
Zero1Tolerancia,oswaldojor
JosCarl31856423,oswaldojor
FabresOdineia,oswaldojor
Alvaro_Pba,oswaldojor
CesarPradoBr,oswaldojor
Osvaldo34833283,oswaldojor
KatiaDireita,oswaldojor
ferretissimaa,oswaldojor
rafaelcostaeng,oswaldojor
metacapitalista,oswaldojor
VanderleyMatos1,oswaldojor
Rodrigovilalob1,oswaldojor
onovatoconserva,oswaldojor
MarcsVeiga,oswaldojor
sbarros1908,oswaldojor
Thiagocalili,oswaldojor
djcruzramos74,oswaldojor
Flavio30131851,oswaldojor
RnsEliane,oswaldojor
DuqueBarbaleo,oswaldojor
Alessan85319364,oswaldojor
CanalDaVidaReal,oswaldojor
KelaneSales,oswaldojor
Marcelo90525282,oswaldojor
PedroHe16822463,oswaldojor
GiacomelliLizi,oswaldojor
gabriel99331667,oswaldojor
rbuncker,oswaldojor
maurorcbm,oswaldojor
AntonioDirceu4,oswaldojor
CantergiMarco,oswaldojor
AdeleNascAl,oswaldojor
Roge_Sampaio,oswaldojor
_conservado,oswaldojor
NinaFerrari2,oswaldojor
susin_l,oswaldojor
wilsoncoiffure,oswaldojor
JoseDam62296371,oswaldojor
Jorge01527699,oswaldojor
dubyfire,oswaldojor
RosaBolsominion,oswaldojor
RoseGaucha38,oswaldojor
vitor_vitperez,oswaldojor
jeverson1976,oswaldojor
Givaldodeolive2,oswaldojor
jo_biersack,oswaldojor
JemanuCris,oswaldojor
impalmajr,oswaldojor
leorobertoloc,oswaldojor
santidanie,oswaldojor
Fran38Gabriel,oswaldojor
nilodeoliveira3,GuilhermeBoulos
flavyo_oliveira,oswaldojor
rlalves1988,oswaldojor
mirkapv,oswaldojor
helioleonardo84,oswaldojor
dvdnasc,oswaldojor
AltairSotnas,oswaldojor
CanaldoFrolim,oswaldojor
AugustoRdePaiva,oswaldojor
cccalado,oswaldojor
chnavy,oswaldojor
Carlos_E_Braga,oswaldojor
TicoETeco18,oswaldojor
nararubiamc,oswaldojor
Manu90912154,oswaldojor
michele_kam,oswaldojor
MaraLeanne1,oswaldojor
vera86683025,oswaldojor
the_trooper_666,oswaldojor
gilson10313597,oswaldojor
pm_souza,oswaldojor
AhrmonyGallery,oswaldojor
baraldi_cesar,oswaldojor
Nicolas_A_K,oswaldojor
Cesconetto2003,oswaldojor
RebollalMarcia,oswaldojor
GuilhermeJaison,oswaldojor
clovis_ribheiro,oswaldojor
HRiedi,oswaldojor
pecamargo,oswaldojor
Orelhudo_,oswaldojor
AdemarAguiar3,oswaldojor
nandomolinari,oswaldojor
gisele_bastos,oswaldojor
JosiLopes,oswaldojor
LucianneDalsec1,oswaldojor
ICaravieri,oswaldojor
vgljr,oswaldojor
rodegemeos,oswaldojor
mariajo22541810,oswaldojor
sadysantana,oswaldojor
EdemilsonLima,oswaldojor
edudurio,oswaldojor
TURISMOLOGO_33,oswaldojor
Loydgh,oswaldojor
ValVega71,oswaldojor
martaCeciliaAr7,oswaldojor
luciliah,oswaldojor
helinhobatista,oswaldojor
ALMPet,oswaldojor
neusa_lazarini,oswaldojor
1863827727288Q,oswaldojor
sophiezb,oswaldojor
LilyContaReserv,oswaldojor
Rodrigo05269665,oswaldojor
Acles15,oswaldojor
HJotinha,oswaldojor
conservadorimb,oswaldojor
OrlandoReis4,oswaldojor
GuinaHolanda,oswaldojor
pimorato,oswaldojor
nelson970726961,oswaldojor
audiovisualsafe,oswaldojor
dezhorasdez,oswaldojor
SAKKAYY,oswaldojor
adrianalbcastro,oswaldojor
bmoreira2006,oswaldojor
fernandesmota,oswaldojor
J0A0JR,oswaldojor
AgrenSilvia,oswaldojor
CarlosL38741447,oswaldojor
mab_brandao,oswaldojor
Beatriz62890784,oswaldojor
MSuprir1,oswaldojor
bardelao,oswaldojor
IVANILDEALVESD2,oswaldojor
michelcopa2014,oswaldojor
fran4325,oswaldojor
HildefoncioNeto,oswaldojor
BrunoFe41239137,oswaldojor
Jacimar15880047,oswaldojor
emanuelkerigma,oswaldojor
Flavihp1,oswaldojor
AttFlavio,oswaldojor
Beth9Rosa,oswaldojor
Junior10297390,oswaldojor
MarcioAzevedoC1,oswaldojor
Thayslun,oswaldojor
BessaPedro,oswaldojor
Locerma_Timao,oswaldojor
glaucorocks,oswaldojor
Mutallity,oswaldojor
MariaDo05991766,oswaldojor
paulorcviana,oswaldojor
r_arraval,oswaldojor
RicardodeLimaN1,oswaldojor
marydonasantos,oswaldojor
josivaldo1955,oswaldojor
Acabou_Porra,oswaldojor
rosasilvros,oswaldojor
AdriDedex,oswaldojor
WStopcar,oswaldojor
MARLONM90172423,oswaldojor
EdvaldoCorr,oswaldojor
Armando01965240,oswaldojor
passos_deilson,oswaldojor
Leomira12,oswaldojor
jelderconsult,oswaldojor
ElianaLara02,oswaldojor
VictorR66505994,oswaldojor
RosaliDalCin,oswaldojor
MartinhoLuter14,oswaldojor
Mariade85605442,oswaldojor
MichaelJ4M35,oswaldojor
marcasa90,oswaldojor
1sthamiltonom,oswaldojor
FidesEtRatio_,oswaldojor
jandresantanna,oswaldojor
manoelvsilva,oswaldojor
BobiNilton,oswaldojor
Marcos43308391,oswaldojor
izaquens,oswaldojor
mundistico,oswaldojor
Limaschum,oswaldojor
mikemelendez111,oswaldojor
Rodrigo71455568,oswaldojor
saboyajr02,oswaldojor
GoodvibeMonkey,oswaldojor
CantidioSergio,oswaldojor
PrassSheila,oswaldojor
DilenoLeno1909,oswaldojor
Angela55639573,oswaldojor
gabriellvolpi,oswaldojor
Direitissima17,oswaldojor
aline_murgia,oswaldojor
PennaL1313,oswaldojor
le_leu21,oswaldojor
Roberto246a,oswaldojor
VandergleyCosta,oswaldojor
AraujoKejo,oswaldojor
Felipe_Isoldi,oswaldojor
RamalhoLicia,oswaldojor
KidBolsonaro,oswaldojor
JonassPiress,oswaldojor
TeresadaS,oswaldojor
ryamazaki10,oswaldojor
Ricardo32258767,oswaldojor
gracyd7,oswaldojor
cwcmcz,oswaldojor
Hlio34233379,oswaldojor
SandraP82614540,SrtaLee38
josiasteofiofo,oswaldojor
gsilvabraga,oswaldojor
JOSCABRAL18,oswaldojor
beta38k,oswaldojor
Cida91051637,oswaldojor
ThiagoeGildenys,oswaldojor
AlexCarvalhoBR,oswaldojor
RIP45acp,oswaldojor
fabianocarletti,oswaldojor
dani_liberdade,oswaldojor
jeferson1452,oswaldojor
EliseuMendonca7,oswaldojor
rodrigofurtadoa,oswaldojor
Cludia22283198,oswaldojor
cmtepiedade,oswaldojor
LaercioPanato,oswaldojor
Valdemi42347636,oswaldojor
VniaCampos33,oswaldojor
LuizRBoaVentura,oswaldojor
braw0311,oswaldojor
AndersonMA1984,oswaldojor
neveswalter1,oswaldojor
arlinebailarina,oswaldojor
Lucas__CR,oswaldojor
Claymito,oswaldojor
francelli17,oswaldojor
neto_negri,oswaldojor
_Dea_LN,oswaldojor
HenriqueCavall4,oswaldojor
herculanofagu,oswaldojor
Clelia03102018,oswaldojor
tanaresv,oswaldojor
HamiltonMereles,oswaldojor
PcMaxInf,oswaldojor
TerezaCris59,oswaldojor
agnaldo_vertes,oswaldojor
BordinVania,oswaldojor
RaquelFFPace,RicMLeardini
VitorSa26346803,oswaldojor
DboraCristiano1,oswaldojor
helenareisolive,oswaldojor
AnaPaulaMarciol,oswaldojor
WanderleySouza4,oswaldojor
ElisCarmem,oswaldojor
JAVieira100,oswaldojor
EWaschburger,oswaldojor
lucyarodrigues,oswaldojor
jricardos3,oswaldojor
alzira36,oswaldojor
manhaesrj,oswaldojor
Sergiom51724906,oswaldojor
Jandyvieira,oswaldojor
OobvioE,oswaldojor
simone83936997,oswaldojor
MaicoPaula,oswaldojor
RobertaAZG,oswaldojor
OdnaldaW,oswaldojor
Joanita26845211,oswaldojor
eacompras1,oswaldojor
RafaeldeSouzawb,oswaldojor
RoboPatriotaa,oswaldojor
OBSERV_andoso,oswaldojor
hidroxiclorosal,oswaldojor
LopesDonizetti,oswaldojor
LucianeLazzarin,oswaldojor
JairfelixdaSilv,oswaldojor
FFrancoMNeto,oswaldojor
RicMLeardini,STF_oficial
paulo_teobaldo,oswaldojor
norazygel,oswaldojor
nanafi17,oswaldojor
rjltrevisan,oswaldojor
rinaldovenancio,oswaldojor
Laerte52Santana,oswaldojor
gil2279368560,oswaldojor
NayaraGalimbert,oswaldojor
Ronimar0,oswaldojor
SandraP82614540,oswaldojor
ManassesCavalc1,oswaldojor
marciosf_Brasil,oswaldojor
Ch1colima,oswaldojor
erikk_andra,oswaldojor
normacastro2005,oswaldojor
naoeobatmanbr,oswaldojor
FrutuosoIngrid,oswaldojor
Rubbadubbers1,oswaldojor
ErismarPV,oswaldojor
pcomachio,oswaldojor
Monikysaquino,oswaldojor
mineto41,oswaldojor
jamilsonmoraes2,oswaldojor
elmobilliar,oswaldojor
nogueiramarsel,oswaldojor
antoniolima_20,oswaldojor
Geraldo35987490,oswaldojor
nandolima9411,oswaldojor
LuMAH24,oswaldojor
EdilsonGeremias,oswaldojor
karmem21793271,oswaldojor
fraterlouis,oswaldojor
angelominatel,oswaldojor
RedePrecheca,oswaldojor
nanabr38,oswaldojor
abrahaolincol,oswaldojor
lrmweb,oswaldojor
paulom0503,oswaldojor
CarmemM45,oswaldojor
Ahead_Brasil,oswaldojor
Julio39039095,oswaldojor
roborofino,oswaldojor
tatipedcosta,oswaldojor
Ciabrasil7,oswaldojor
Infinito262,oswaldojor
ViktorBekkert,oswaldojor
itamar_dantas,oswaldojor
freisiwal,oswaldojor
MonteVictorC,oswaldojor
MariaAmliaMont1,oswaldojor
RGLAMOUNIER,oswaldojor
marcos_tov,oswaldojor
StefannDe,oswaldojor
PassosLeopoldo,oswaldojor
AMelo81524115,oswaldojor
elderlei,oswaldojor
clodoaldosilva5,oswaldojor
JoelJSilva85,oswaldojor
EBudri,oswaldojor
RobertoSGomesJr,oswaldojor
SoFia55682262,oswaldojor
leocgrj,oswaldojor
ASalton,oswaldojor
Geanesi16217562,oswaldojor
AntonioFaroJr76,oswaldojor
FabiannaManzur,oswaldojor
DenlsonCosta80,oswaldojor
orlandomarts,oswaldojor
AndreCapistran1,oswaldojor
cacamelo77,oswaldojor
PayaRoney,oswaldojor
melissa81340894,oswaldojor
RondineliAndre1,oswaldojor
edglaucia10,oswaldojor
carlagcc1967,oswaldojor
GeovaniGSo,SrtaLee38
silva_valdemir,oswaldojor
csnunes1,oswaldojor
SrYuriLuiz,oswaldojor
SrtaLee38,STF_oficial
SilviaPassolon1,oswaldojor
santaesmerald,oswaldojor
KenjiK474,oswaldojor
PauloPedrali,oswaldojor
ZezoInacio,oswaldojor
AbraoMagna,oswaldojor
CarmoBarbosa5,oswaldojor
pauloandrea,oswaldojor
WelitonLuiz15,oswaldojor
EsterlaineAvila,oswaldojor
suzalo,oswaldojor
EvandroBandei10,oswaldojor
Anapcurvello,oswaldojor
MariaRo04475653,oswaldojor
pedrormiranda,oswaldojor
nagbarros,oswaldojor
Patrcia98461331,oswaldojor
TiagoSG22,oswaldojor
Jonas74205934,oswaldojor
Cleyton70767368,oswaldojor
rocktadi2020,oswaldojor
Carlandias,oswaldojor
albertoargentin,oswaldojor
DanielJock,oswaldojor
LimaEvio,oswaldojor
Euffernando,oswaldojor
marciar_camargo,oswaldojor
joaoborbat,oswaldojor
lazarogomes1975,oswaldojor
DeBeltrane,oswaldojor
ngelaGuedes2,oswaldojor
allinpeace3,oswaldojor
bezerradasilv15,oswaldojor
lisaugustalima,oswaldojor
Jonas_spn,oswaldojor
bacteria76,oswaldojor
marcelopepecos,oswaldojor
SergioAraujo_73,oswaldojor
DeVilhena,oswaldojor
2c085a7cf48047f,oswaldojor
SchuttFernando,oswaldojor
DoriEdsonDaSil1,oswaldojor
Ronaldo79290395,oswaldojor
Morais48891418,oswaldojor
EtEtcastro,oswaldojor
JediEstrela,oswaldojor
BrasilcomBolso3,oswaldojor
BMCoutinho,oswaldojor
CleberS04067653,oswaldojor
MianMarcia,oswaldojor
GusIsBack1,oswaldojor
teixeiraosorio,oswaldojor
gue_sonia,oswaldojor
MerencioBruno,oswaldojor
rkss2,oswaldojor
IvanRoger_,oswaldojor
KeliVeronezi,oswaldojor
EmersonBuenode2,oswaldojor
chines_eu,oswaldojor
horripilante,oswaldojor
elvysenanda,oswaldojor
xingu971,oswaldojor
tonycsdantas1,oswaldojor
Fimdamentira,oswaldojor
MarcosMoniva,oswaldojor
pontes1902,oswaldojor
Mzo_EmbreaGALO,oswaldojor
Alexsan22643623,oswaldojor
MargaretePedr15,oswaldojor
SoniaRo50442246,oswaldojor
JulioBonesso,oswaldojor
Bethlyse,oswaldojor
VoliaAlmeida,oswaldojor
VeraPimentel26,oswaldojor
4_cristao,oswaldojor
JanaMendona1,oswaldojor
FlorDeL90387569,oswaldojor
cehpcabral,oswaldojor
brandao_fc,oswaldojor
jwilsao,oswaldojor
Roselenebols,oswaldojor
DireitaBR3,oswaldojor
RafaLemes10,oswaldojor
addrianomax,oswaldojor
DayseBarela,oswaldojor
mrsouzar,oswaldojor
l_lNeto,oswaldojor
NeyFreitasJ,oswaldojor
FurcaPat,oswaldojor
netosanti,oswaldojor
ElianeOrnellas1,oswaldojor
msanaps,oswaldojor
marcus_bomfim,oswaldojor
JoaodeAbraao,oswaldojor
RosaizumiRosa,oswaldojor
elehcim1316,oswaldojor
vera36059024,oswaldojor
grasielamancini,oswaldojor
RenatoM75954622,oswaldojor
MarcosB00324786,oswaldojor
M_Serpa,oswaldojor
marcosBR004,oswaldojor
teca1701,oswaldojor
CezarAl27715987,oswaldojor
thebeiso,oswaldojor
LzaroJosDaSilv1,oswaldojor
mailliw1968,oswaldojor
jane_lameira,o_antagonista
Eduardo26252818,oswaldojor
PurcinoMary,oswaldojor
tonyyyss,oswaldojor
edson_39399,oswaldojor
alpoanderson,oswaldojor
ignatti_junior,oswaldojor
GilmarAlvesMor5,oswaldojor
dariocorrea108,oswaldojor
JorgeZen549,oswaldojor
LucianaAGomess,oswaldojor
criseliza2009,oswaldojor
leilavitoreli,oswaldojor
SandraRezende17,oswaldojor
MarliS29047264,oswaldojor
EliasSantos18,oswaldojor
anacaminha,oswaldojor
Ribeiro26597615,oswaldojor
Shirley82149741,oswaldojor
Leticiacastro03,oswaldojor
LukasLedok,oswaldojor
fabiocs,oswaldojor
Erlyestevesfla,oswaldojor
Marcelo96382062,oswaldojor
lidio80ribeiro,oswaldojor
DaniloEstevo2,oswaldojor
Andreia92447712,oswaldojor
angoneto,oswaldojor
drummais,oswaldojor
balseiro79,oswaldojor
celsoeduadvogad,oswaldojor
MarineteLimma,oswaldojor
gmatias38,oswaldojor
Johnsno89373100,oswaldojor
CeliaAGodoy1,oswaldojor
Marcia06513945,oswaldojor
Renanol09602416,oswaldojor
earcarmona,oswaldojor
ClaudioMariott,oswaldojor
brenoslm,oswaldojor
ismarckel1,oswaldojor
luabrilhnte,oswaldojor
WiLLBarbudo,oswaldojor
ElzaGimenez47,oswaldojor
Michele65454182,oswaldojor
Guilherme2702,oswaldojor
MarcelodeResen2,oswaldojor
CarmoSurpi,oswaldojor
antiplagionet,oswaldojor
LeviGenuino,oswaldojor
Salomaoaraujo65,oswaldojor
Antonio54283865,oswaldojor
pmcamatta,oswaldojor
kessergreg,oswaldojor
SabbagOdair,oswaldojor
Bitello3,oswaldojor
blawatsky,oswaldojor
AndreCSalgado,oswaldojor
_ZuleikaBrand_,oswaldojor
CesarHanneman,oswaldojor
jonasrs77,oswaldojor
38neless,oswaldojor
jleites58,oswaldojor
Luisgsf,oswaldojor
otensnebur4,oswaldojor
VanVascBurke,oswaldojor
edu00711811,oswaldojor
BrasileirinhoX,oswaldojor
EversonBonner,oswaldojor
fpshello2u,oswaldojor
Cristhiney86,oswaldojor
reGinmelazzo,oswaldojor
Alessandro_flpb,oswaldojor
daniel66666472,oswaldojor
JeffersondeACV1,oswaldojor
Luitzr,oswaldojor
pmartini48,oswaldojor
oculto_74,oswaldojor
evandro_bv,oswaldojor
TurkoXT,oswaldojor
graca004,oswaldojor
reginacristinac,oswaldojor
PaixaoGilza,oswaldojor
lucianagness,oswaldojor
Celi74253390,oswaldojor
BahamutFmc,oswaldojor
hofmann_luciana,oswaldojor
SamuelC02948560,oswaldojor
lmsadvocacia,oswaldojor
luizhpaula11,oswaldojor
Saenz2Leticia,oswaldojor
alissonpantuza,oswaldojor
MARIOBRASIL38,oswaldojor
selva_anaregina,oswaldojor
acassio_carlos,oswaldojor
ecaveavvl33,oswaldojor
RenatoCzar4,oswaldojor
tbborges,oswaldojor
ValriaLuiz1,oswaldojor
scheillamesqui1,oswaldojor
1718Ritamaria,oswaldojor
BrunoLima972,oswaldojor
erikazinhauau,oswaldojor
JustBira,oswaldojor
GalGomesneto,oswaldojor
EveraldoeSonia,oswaldojor
JefersonBolsono,oswaldojor
Andromeda1114,oswaldojor
marcio_sjc,oswaldojor
sidineisdias,oswaldojor
Rodrigo06177033,oswaldojor
SorianeDestro,oswaldojor
Gedaliassousa,oswaldojor
eliana_avellar,oswaldojor
Edilanebornh,oswaldojor
mauhome7,oswaldojor
EvelisePb,oswaldojor
alexynunes,oswaldojor
LdiaMariadeJes1,oswaldojor
EdilsonSantos7,oswaldojor
hhop91,oswaldojor
Ronaldo56860425,oswaldojor
patriciascomer1,oswaldojor
Maria04214813,oswaldojor
RicardoRoberti,oswaldojor
raquelf83878815,oswaldojor
haureasilveira,oswaldojor
EdilairEdinha,oswaldojor
MARCHI38789355,oswaldojor
LieberMarta,oswaldojor
RamonaTH2,oswaldojor
JorgeSi71261691,oswaldojor
Jonasel17,oswaldojor
ATLBUENNO,oswaldojor
nailizarbxov,oswaldojor
JoaquimGonzaga3,oswaldojor
goncaloveronese,oswaldojor
ReginaceliaTL,oswaldojor
JooLima58581151,oswaldojor
marcelopirate_,oswaldojor
adriana_zakis,oswaldojor
PTrondoli,oswaldojor
EdesonJunior,oswaldojor
oadvogadoadvbr,oswaldojor
danielvalves,oswaldojor
rtavaresmorais,oswaldojor
advogadotonha,oswaldojor
luckluciano22,oswaldojor
MartaScramin,oswaldojor
guilherme51siq1,oswaldojor
OLAVOFERR,oswaldojor
ROSALVOSANTOS1,oswaldojor
aiiltoncarlos3,oswaldojor
xxRodrigoLimaxx,oswaldojor
MarcosA55867051,oswaldojor
RiMViana,oswaldojor
danielnipoa,oswaldojor
kratosistheman,oswaldojor
Marcos_Villa_A,oswaldojor
Alexand82761227,oswaldojor
DiogoRomano3,oswaldojor
juliana82835921,oswaldojor
TomazArantes2,oswaldojor
Ricardo64219577,oswaldojor
r_bolsonaro,oswaldojor
TavaresClem,oswaldojor
NaterciaAbreu,oswaldojor
moreirafabio643,oswaldojor
ProfCleison,oswaldojor
alvarosrgiorosa,oswaldojor
flbcosta,oswaldojor
tonyreis_tr1,oswaldojor
PedroNuno08,oswaldojor
f382022,oswaldojor
geova_38,oswaldojor
Gisele05888568,oswaldojor
jsmlmec,oswaldojor
Erickcorretor22,oswaldojor
PascendiDGregis,oswaldojor
free_spirit68,oswaldojor
EfraimVilella,oswaldojor
VanderlitaCoel1,oswaldojor
MoliveiraL,oswaldojor
Puertas210,oswaldojor
Lilianrose50,oswaldojor
JakeCarvalho17,oswaldojor
carina_ito,oswaldojor
SEMPREGALO4,oswaldojor
grajasbar,oswaldojor
Marcelospg29,oswaldojor
maupessoa,oswaldojor
carlosasilverio,oswaldojor
rosane_taborda,oswaldojor
juli__silva,oswaldojor
WillowJalapeno,oswaldojor
Walkaraujo1,oswaldojor
Juniorepedro,oswaldojor
bisaholanda,oswaldojor
mineirabela,oswaldojor
ClodoaldoGarci4,oswaldojor
fbrandaos,oswaldojor
SilverioJB,oswaldojor
EderGiusti,oswaldojor
CabralRnd,oswaldojor
Andarilho_JDH,oswaldojor
UNBORNness,oswaldojor
DLN988,oswaldojor
oswaldojor,
Rluciano13,oswaldojor
Rluciano13,taoquei1
CludiaS06479568,taoquei1
daraujodm,taoquei1
AllanMota9,taoquei1
joaoAl31,GuilhermeBoulos
AngeloArmellin,GuilhermeBoulos
IveteManso,GuilhermeBoulos
rrodri_one,MPF_PGR
modelpernambuco,UOLNoticias
drmarcelordias,GuilhermeBoulos
AyshaGomes3,edilomcardoso
caromedy,oswaldojor
OgiaEmAczEY8jm1,oswaldojor
Zeliamcorrea,dimacgarcia
Paula43087766,oswaldojor
ReginaFortes7,
GerlingerI,lalves86
nero_dossantos,oswaldojor
AOdelcy,oswaldojor
HewittMargareth,YouTube
AgnaldodaSC,GuilhermeBoulos
JooWell29789061,GuilhermeBoulos
CeliaPfau,Fernandokabulo5
andresjc84,taoquei1
Nannibrandao1,taoquei1
otavioguilherme,
magna17727627,
AnneSchilling6,veramagalhaes
Maryolivier14,RobsondoBrasil
BidoneEduardo,folha
MARIAGORETTICA4,taoquei1
Viviane33473696,
SICHICONI,Pablogapaisa
joaoAl31,GuilhermeBoulos
joaoAl31,GuilhermeBoulos
joaoAl31,GuilhermeBoulos
joaoAl31,GuilhermeBoulos
Alexcccunha,YouTube
tatyaguiar12,riccobatera
MacSudOficial,oswaldojor
NeyFPimentel,raquelrolnik
JaroslawSzepty1,oswaldojor
RaffaellTolledo,DouglasGarcia
Cleci_fleck,YouTube
meirele_ana,
VandaStrom,no_cabare
matias_tailor,
CleiaGerin,oswaldojor
ElzaGimenez47,LeniceSMMoura2
LiaMei12,LeniceSMMoura2
Shirley97902543,LeniceSMMoura2
VANDERLEIEEDNA,LeniceSMMoura2
Lizluz18,LeniceSMMoura2
Thomazmooca,LeniceSMMoura2
MARCUSV45180068,LeniceSMMoura2
beatrizfonte5,LeniceSMMoura2
J_RFilho,LeniceSMMoura2
MarcoJo15010360,LeniceSMMoura2
MarcosA14278872,LeniceSMMoura2
JoadesB,oswaldojor
SavioAllen,oswaldojor
tamilu21,LeniceSMMoura2
meccneto,LeniceSMMoura2
Telma37313958,oswaldojor
Kathari68564747,oswaldojor
heli50492944,oswaldojor
061005iza,oswaldojor
luizalvesdias44,oswaldojor
38_Rosy_,oswaldojor
JeremiasMarian7,RoslaineSilva
EdnaYay,LeniceSMMoura2
jorgedaun,YouTube
Iremar57853580,YouTube
PascendiDGregis,oswaldojor
nagire_04,oswaldojor
CyberTemplario,freu_rodrigues
ISAURACRISTINA1,LeniceSMMoura2
MarcosRonanFerr,oswaldojor
MarlyMms,LeniceSMMoura2
Helena23957861,LeniceSMMoura2
LaurinhaTalkey,DalvaHellmeist1
MSK182931,CeliaGusman1
LeniceSMMoura2,Helena23957861
JlioCsa79158764,LinoZilda
LinoZilda,LinoZilda
angelabesteves,LinoZilda
jotaefe2805,LinoZilda
jotajcmmorais,LinoZilda
extrongui,LinoZilda
LinoZilda,STF_oficial
Anam180219501,TerezaFranzoso
BolsominionPat1,
JussaraGama3,TaniaS_Brasil
Karin34228278,
RemizioGarrido,TaniaS_Brasil
jasemencio,taoquei1
TaniaS_Brasil,AAljeus
TaniaS_Brasil,cdantas5
TerezaFranzoso,IzabelleFores
JooDonizetti1,veramagalhaes
ilzelir,taoquei1
gomessgs,YouTube
AnderTorres5,JornalDaCidadeO
VeraLuciaSanto5,
eltonlove,ManuelaDavila
nilsonfrancisc,taoquei1
MarcPvh,iane_menezes
ZenildaOk,YouTube
CarlosM3L0,oswaldojor
CarlosM3L0,oswaldojor
PertileAntonin1,horaciohudson
Eder1260,oswaldojor
EdivaldoSampai4,ultrajano
jane_lameira,CarlaZambelli38
ahsousilverio,
Matheus63764714,SummerNight53
AraujoCrisitian,Andrea73349251
Antonio91152382,BeteMorais
CarlosUtiike,oswaldojor
ZeAlvaro38,joseluisfreita2
joseluisfreita2,YouTube
AnnaLciaLimaCa1,BolsonaroSP
NelmaBarros12,
OVAVORETORNO,STF_oficial
Viccari,YouTube
Leandro06418241,oswaldojor
MAXVONWOLFF240,oswaldojor
edsonyui,oswaldojor
PertileAntonin1,
GuanabensMd,oswaldojor
EvaBatistaDias1,taoquei1
ChinelliCarla,agenciapublica
ademarmelo,oswaldojor
Solcosta29,oswaldojor
IncomodaVerdade,taoquei1
SemiramisJones,Tia_Do_Zap
CyberTemplario,
MarthaMoura7,taoquei1
MarcioB92155384,oswaldojor
neiamelo7,GuilhermeBoulos
Rosa71443276,iane_menezes
do_laranjal,GuilhermeBoulos
lianebeherega,oswaldojor
CawboyMatos,
CapllonchElisa,oswaldojor
fncs2309,oswaldojor
AURELIOW38,oswaldojor
GilLIMA500,
rflcouto,oswaldojor
DarciLScariot,iane_menezes
IdeteStacholsky,taoquei1
rinaldovenancio,oswaldojor
Tamar_Zis,oswaldojor
regiscamargo3,oswaldojor
marceljuliani,oswaldojor
DebiSeabra,oswaldojor
BolsonaroAlmir,oswaldojor
Pr_MarcosReis,CarlosBolsonaro
AlexandrePizani,
DaviSil46494090,ricfonta
svil2019,ricfonta
ItamarCareca,
jane_lameira,
Matheus63764714,SchmittMaguida
aurielsouza,
ZanellaAmauri,BolsoTrumpRaiz
JooWell29789061,MarceloFreixo
JRVOJ1,BolsoTrumpRaiz
Gilbert26111561,riccobatera
MARCUSV45180068,BolsoTrumpRaiz
GuzmanLinus,BolsoTrumpRaiz
Pedrozo94942254,kimpaim
Antonio28287288,LucianaVaz19
marcospevensie,taoquei1
claudio_bez,helena85609413
Telma37313958,riccobatera
PauloPolitica,riccobatera
AJFDESIGNS,riccobatera
HillerAraujo,riccobatera
iane_menezes,helena85609413
RadtkeAlexandre,riccobatera
Dy28437493,taoquei1
brgilsonsp,oswaldojor
srsaopaulo,iane_menezes
wagnerlibardi,BolsonaroSP
Marca0Andrade,iane_menezes
Matheus63764714,PauloMartins10
rodrigu53063120,oswaldojor
FtimaMe44134209,PierreLourenco
helena85609413,iane_menezes
FabioHenPeixoto,oswaldojor
Velejador2,iane_menezes
Velejador2,iane_menezes
DanielEXT1,GuilhermeBoulos
Lucimar72952929,Fernandokabulo5
RetornoPaulo,Fernandokabulo5
Luizpraieiro,Fernandokabulo5
jorginavbarboza,Fernandokabulo5
Zaldini,Fernandokabulo5
DoSyrio,Fernandokabulo5
ccn_sandra,taoquei1
Rosebrz,Fernandokabulo5
Fernandokabulo5,
MariaAurea6,AmendoncaMJSP
LorenaT73861602,taoquei1
meninoderua7,oswaldojor
RenatoS14200131,
MariaFl38850356,AndreMarinho
